{"version":195,"hash":{"type":"Buffer","data":"ofY0rq3pU5FIxQQuSLjuL/PcVxefAgi6/H1GptE8uxIadrEDI2GvVDVUTAwqJMAT+/xWteMG3vzGiMfRL2QyAE+vVkgrNvh0sxUDrdSyMbYlptotXRtJYpbJ4rI4m9UHogQHKnbRfPFs/67tp6hyxIkcb9sDk+O1J6rtO8C3M6o="},"indexValueMap":{"BZNjBYXixC7QkGs/EquNWl0mA41PtXYjuUyP/RQlPvA=":{"valueMac":{"type":"Buffer","data":"pYVAbwQznwGVVrT97B5dlHVvbrkfyJq+Oy97Lv/FOwM="}},"Br7U9ek7qdTdNPPElb/grm5z3eDeCZQZdZ+amGhHey4=":{"valueMac":{"type":"Buffer","data":"ApsPVnjKfjO0BVQF7Cb8c/hq5i9s4f5SANCdiKmVOq0="}},"B2yoX8/KiE7B9Xe0Bqgly2P6MhYXS57CRCEiHSjcQ3U=":{"valueMac":{"type":"Buffer","data":"3OGh6wxCHt/NaFb2yFaQnr2YgwHt8dxZNcHoX677qMg="}},"B8gAY5gBHd4YuQMmF+fuaIJigRonS+9EcKN3L1p7Wdc=":{"valueMac":{"type":"Buffer","data":"vWNC7pZgz5vEy+dXSYE87APwb2sDVLxsh91DvvcVckA="}},"Cj6pfiM7moxM2Fq9D8vWgbdNxIwrhZ3iKD1PJ/v9V7M=":{"valueMac":{"type":"Buffer","data":"wUdTdTl0r6VyyNV6uvexjbzMiOdaGeTeUaqHOO66HJc="}},"Cz2097HXXFcp/x1exxRifbScPBJGu1+FWorJCjv0cAw=":{"valueMac":{"type":"Buffer","data":"/Hkgl2sj3dA8bTWvBdeUTFvpMaVBxNzsAXQp/mGZJN8="}},"Dzd7Pdh9cYN1dV5Ao2nqAR28wHHLSXd3WKmPVjIqzXU=":{"valueMac":{"type":"Buffer","data":"FUtjVVZqRdmByA/P8JrWwdUF0Fz84Jb+OqGmbyBbEUI="}},"FbQv/4saCfO6/uROk1z15inOkXAETsqe20cw8JC6zCY=":{"valueMac":{"type":"Buffer","data":"ZkaH/dZYa9wjLGVwpHFNBvCdVhI1Wwhhu+qqtpSPp+c="}},"G4BSTNBbDU5yZPhzyJD3fXOQ1P3vB9gpyjozvjMhFqo=":{"valueMac":{"type":"Buffer","data":"N3t7AFPLVL3BV4zOVRr4x+eW9Xf5TpL5GfeouepWt/Q="}},"KMPNu7w4tfYPEnFddqRP6TCS5OUrOH5OyyfgBgQxfX8=":{"valueMac":{"type":"Buffer","data":"WvSnR/508dKyOcvy1C9bQPxPR3H/5Vv7KHhdPiQb3G0="}},"KyLp4jlpzJd8t1WZkkj8YLS8YYjdOQvEaWsLvzkpHeY=":{"valueMac":{"type":"Buffer","data":"tVzinZJifjVWvGpvp757Npl07xqu+YFniBxFjk6bO44="}},"Los1zkh54g4QqETXmPdq0QsBPQPQoWBtYLB9PaoN/HQ=":{"valueMac":{"type":"Buffer","data":"MtHUGcs2eORRflFlqulHj0Z5fudPMrQmJmqgCsyp6yc="}},"LtCk1UwCTsrcHw6IOQGHcyoaYaW+vqog8noQZjVOEoo=":{"valueMac":{"type":"Buffer","data":"mHfTpGd+ImjqYABwUt5erV9hZHlCJimfba4k8i6Bbug="}},"Mcu9mvG3pZEa8+998ADlms7CgUQ74hLGVPIsAY3fWrE=":{"valueMac":{"type":"Buffer","data":"qjICuUprR4x6KwU5J1nOEmD0Rokk7hdnd6zxN7f4Z1A="}},"M1vHg4GxfXCCrOD8gWX5ZKIxFWn+i8BMs7rw7YAto2w=":{"valueMac":{"type":"Buffer","data":"Ax78hp7h3B3/CV9nghXLnEAHRJr3MSzxazOpjuzikE4="}},"Ni9D4v6Zz9VjFVSvH9NulVpQyBVKjnLX1E1urO4ofs8=":{"valueMac":{"type":"Buffer","data":"UsV7tFSN2N9fmAJm3kEev9JNghO+PB//JrzPvH0Bu/M="}},"QHyRTM/16WaJjJbVu4DER318lQIgBs0mMeb9HZnw6dk=":{"valueMac":{"type":"Buffer","data":"6PTGdciVPpIE8LdX4sWWlOZPQCeoU3fHUBdF5nPGDvE="}},"S3CtfqH8YtrZdr4rRaw1s39/V3ye6TsRtCngekB7Iwo=":{"valueMac":{"type":"Buffer","data":"7cxNL/wRW9wtAAlAZQXEOL0w3UN9Nekpzx5kop8risc="}},"Tgf/a/H/H1wuc8gsDfsEomlafTHMbvHhXAnw6VtVcR4=":{"valueMac":{"type":"Buffer","data":"cdlkjawF2cIGAZon5gbVEvhOs1o51SF7mRCBC7x0XXQ="}},"T63EmNnXDokqXzxMoxnPCfLaNv3ejf3GO4lCKwvWmuc=":{"valueMac":{"type":"Buffer","data":"iLIdGj7uen/9SJT2ddi0sIvc1Ysyaie803xXukDCryY="}},"T/dPNm3KKUkoQdb6zbfCKWPosRWKqJLoW8IB/CN742c=":{"valueMac":{"type":"Buffer","data":"MkSXnWMy3HwIIOrZhZ4XYq8da3oxw8Mx6OMxC7vsmqI="}},"UXL3NfXQzEqL0M8teQhUspTtAy5GxZ9KUJOiJpMiI60=":{"valueMac":{"type":"Buffer","data":"ucg0fB10hb30iNcIlOcPuO5FdhLRe0v129bTJ6GV3PU="}},"Uy1o3VYhJTqkrmmAxDLP0SxX++AJWGUDydl3PQawBNY=":{"valueMac":{"type":"Buffer","data":"Zm8WdDqUqJHbI8ajdF3Tfnpm5o8lGGOHu7e96i4yM4Q="}},"XfHdtpS0GmTkaiTw1spCj6NTlNXnEQtBu+KbdaWqZ5I=":{"valueMac":{"type":"Buffer","data":"hYSBaGvcHfNSZFVnevqvflg8hP4hXAXGwJIU8Lj6CYE="}},"YA5ES3+qvaF3+vLCpHykzGHWFFlMWrp6InXxLcscm10=":{"valueMac":{"type":"Buffer","data":"2BTsmLJUSSc0P8qoxefgYJjinu3M+uKXfejWJUT2mwA="}},"ag8z97blwv0uYM5bdu5bLbud5bRCHYRVEOQBOPOJF0g=":{"valueMac":{"type":"Buffer","data":"TFIfv1PM0gp7ERJv/eu4pEIESV174IyLCgv2TVgRW0c="}},"bJKDGO1sGmbC8FP9L1RolYYcYsKA4w46AeyF9pvv2Pk=":{"valueMac":{"type":"Buffer","data":"or38KULtFM8NfKczVxuAcgkU1vL4xwj0JHwTcywupBg="}},"c7PsKIHurCmdIL2OHZuSC1n8WyFNHt+xS0YPIt/uVWQ=":{"valueMac":{"type":"Buffer","data":"/JPaiv2hrgJpiW1VQVAj2ItMlnsranXDZA/U4yrgPgg="}},"dZxDRul//heIyN5J4BO0wKWYkA6kyWPHff87pSwE/iY=":{"valueMac":{"type":"Buffer","data":"IXdaYN7P/MR2r0LfGO6A0Q1Ucifbyy2M2IqNkrvyC9I="}},"efhPIruHiBkMzOWbPGjZ5Vw3qlV+hIDJe6E0mAZUEQQ=":{"valueMac":{"type":"Buffer","data":"H5iUEb7gS0hVnPk0eO2HB7nW69s7KB3YrN5dgj/5YA0="}},"ew62zMotTsy7t6iiHgVnhoyIOpfz2fbiV5i4s+5ZDOE=":{"valueMac":{"type":"Buffer","data":"jTI3yZkEJP/hwzyFXfVefaktaQH4WSV9/HeLqxnJbHE="}},"e+N+pv6hHx+tFToy9JMXjj13/lurKJM9tBV7uq7vqqI=":{"valueMac":{"type":"Buffer","data":"v3I12DfsH9q/p3+vc7X+Zc15qXrvbqeZN8ythNmdNxU="}},"fzxTA7fVUq3avdl3JzJmIkhBMRVt0cq2gODNj6p2sg4=":{"valueMac":{"type":"Buffer","data":"UUEcvKWndqApQYMf2JigLd0LohKHyOVW9InsLp65Qew="}},"hBDZn19ptS2gBF2iYT36Os7Fm9tt4XnkEMc6sL0ObAg=":{"valueMac":{"type":"Buffer","data":"AazOo/OZEEjpALUl9AEhpU7si2sBqgRUlbLoayEz7s4="}},"hWE85V2YON9HfIotzdeRBt2jSqFVBZkKtemh2oTUyD4=":{"valueMac":{"type":"Buffer","data":"RrIaCKxk0c7To7n05Jk7cWpSwRAlhmANGlPuu0hCW4E="}},"jdF3nwY+P5IrUbqDRH+CgtaS9SzWjzyee285O+ADTy4=":{"valueMac":{"type":"Buffer","data":"t1/6kHRgnx+lXQEMz21bvxsigRKB/X3HvU+YwQIMp6w="}},"jzyILFp/AcM2ot+SWOo9vekT68vJmfPAtPcChDcKZlc=":{"valueMac":{"type":"Buffer","data":"gIzs369YYGbrTP8+8qpbVczeMs2HYUNlcRIMdozmpNY="}},"kRe/lcYKw8Zr04LS0L44f7BrufVQwrV8RoaCXNJmYdI=":{"valueMac":{"type":"Buffer","data":"S2JwNB8FehrBCRW3z4hwBl5ErRWuY/JH8l9XstYSq/4="}},"l3LxWP9+w9xXQiC4cKf5cEwOy0+frk/vbT1p2WtLnOQ=":{"valueMac":{"type":"Buffer","data":"kdA5chxT6nNjGidxol8q2oSAZSwot63Tk0cAAIzHraA="}},"l8xYZLe0CKKJpETF4egCdo5ksjKE/mK6CrgUAqngaRQ=":{"valueMac":{"type":"Buffer","data":"WN9A1FYt2hXQwrYJILHXzmrbGtdCQJK5o3x1zh0rEdg="}},"n9OOiM/aGfG5FoUBNtFLusBicHMf1ARrWZcOxoyiFh8=":{"valueMac":{"type":"Buffer","data":"oCsr4AHZgwvnnzQkJGTo0ITrx/Hp1SGwM5w5d7u4Q/4="}},"p2r6aGPLi/IhS4VGih7haCa8JoT0PvkZ62BUOshib4A=":{"valueMac":{"type":"Buffer","data":"Oa6sEP/FBQS8gjC2BXkeGS0GMXLZI/JE3mvmvYiHRPU="}},"qFXd9d0QFedymXCJ3Vv/SCjbKf4MN+6DcZRTKk+QEIc=":{"valueMac":{"type":"Buffer","data":"CG88JuEM2kHjH2MJxY9HEUR64MlOs9fDHihzgL2rb+w="}},"q6S4casdM9WSdHkxFRCNL9NceMk9Y0IBJ6TSiJzSd0g=":{"valueMac":{"type":"Buffer","data":"Z1gWYKe4RnAYHh+UpRb6PpdKCBnsnTqfbRazARXaO10="}},"sdRGO9U6Wi44PKUFzx3ctOjBpRBZovgeLlGl6wYM4Uk=":{"valueMac":{"type":"Buffer","data":"8joWxbrepUmTDRdMiuUt4e1LLobjHlXG4BA8EZdxiGM="}},"s3szyM1rHKuFo9oE59ScThCb5N2dO8zaSl1xQYaaA6Y=":{"valueMac":{"type":"Buffer","data":"UnrEg6r3su4dq1er6/RffAUYntn4oFpMKxCwUyLxcHc="}},"tS6ZnFXMbpPVWQijRoEoeULVP7qgEyD478q1f+Sq3j4=":{"valueMac":{"type":"Buffer","data":"bXjgVUQ1FlU1wptmtVLQuBJ99hZmaxKfif1crAGky1U="}},"vniCYcu1Y9fGwJ8teU4WY2xfsCpIZfoBKpaODTN4heI=":{"valueMac":{"type":"Buffer","data":"KuHPyq12dMv2IEhsnQtRtXx5HKDJBolN8HQE437qsI0="}},"vsKAh59kxh4XhGCOK87OjJreJTpQcuDpAnCj23I8ka8=":{"valueMac":{"type":"Buffer","data":"kyPuHyx/8OyNu8ymH3hGRm70DDVMQ9XDs8OUvqfSjXU="}},"v9L7+93fpSM1qK89H5FOHhGKm8owdvV1QEsLqqrzJps=":{"valueMac":{"type":"Buffer","data":"cltHVWvJdr0yBtbmb8+lZ98bOFQ+0fe6CPlYgqFPYgA="}},"wKyDNsLAdK2+4LcH1DxgBAt9/6Qg/4N0LFQ5rUMgHsY=":{"valueMac":{"type":"Buffer","data":"0Ny55Nhib9ojWCNgWmHQGGc4gjuX/KRMvjl8aneduAU="}},"w/7GciNqeSs/r28iMhjGnb3mCLQucSL9zTnZ4OadQHI=":{"valueMac":{"type":"Buffer","data":"cDyo0Gvd71tpneuH+M1Re7MXe4DdLIktgiZHpk4QmRw="}},"3evvqFPHvK+hq2utlpKtchDliycbbv99nLBpG5tqeac=":{"valueMac":{"type":"Buffer","data":"5mnmRWyTFmwcpdpJroYmi6B+fMbxi7t5pNgxwsLcEW0="}},"30CLo6KPOBjy/krSQ+Gd09BjRtKjGTTcTLlK+hkrZ/c=":{"valueMac":{"type":"Buffer","data":"1ApiQQTME9VYgZvnN0gCijwZaOZbvRa1DBymK1oW6jg="}},"6EADcYxq41GmG6yAwlwYCwGGPBV9dk1QhQqqhEYADD0=":{"valueMac":{"type":"Buffer","data":"l1SlWxKr5W0l1zlwCWuHbZxgTFgXqx0ZpS52X6Z51Kk="}},"6H8irvQh9uatEsiVKM7zt8ujE8dpEIMbcval2gpftsE=":{"valueMac":{"type":"Buffer","data":"qhkY6gUDbFzSCObEHAV/HaNWik9NeXGy3+IQZ6UDYFA="}},"6pd/mNXrMBiBI1GcRFzFCDXOIZDusf4rb0oh2hRQ/44=":{"valueMac":{"type":"Buffer","data":"A7ioIVz3FwjVbVt8Zc+ild0wuOggc/hQc4IbE8PTm88="}},"8RmmbJK7y5XrcVOW3bVqrhGgfv2/IbwVT+MILnzk6s0=":{"valueMac":{"type":"Buffer","data":"VYqSVFYv+23RA4pqjiYnz0bqMloS7NoQtvW+OfSEqs0="}},"1OWMPbBe6db/B5xHQ1RDyONHahA/JKYNtKfWmxRfIrA=":{"valueMac":{"type":"Buffer","data":"QwCvkweRPEtNqTiReq1TW7AK7MqJ4fjawrGWav9+voU="}}}}