{"version":4775,"hash":{"type":"Buffer","data":"DGPsBdn+gNf96zgu/tULKa3F5aQE1vYKjVb9P27l/FfQ+x91TjtXzzO52q476Ma7fUQckmlRwgKGD8noPtrVgDdpRMwvEBl4IZ9DvgZSLL0JY9UciNyZYQH/Y6qj/59DVr+SbfD4vLSlGdoSzsB9HP/I+Lu1pODJDbE8LENDWjA="},"indexValueMap":{"AAI0Q5kCJYoiITJTWZoIYj3x8u6r1+n8Op6tTP9s+X8=":{"valueMac":{"type":"Buffer","data":"6/QXDPcKrUbido45+zmJA2x1O91E6MU0y4E5dwaaMqM="}},"ACsK29jbMIcU4rtGdJ2aq4StufO1Z3Wm0rmATWSwC+Q=":{"valueMac":{"type":"Buffer","data":"BdHCIeSw+gx64BDKCCiZW4gMiZCcpZT2DlGETD4sIZg="}},"AH/PP/s3rLiKHQCAo1dMxoCJFRG/SRTyVFd4/Hccgak=":{"valueMac":{"type":"Buffer","data":"a3mFhE8TduH3J3OxZg/FPFrPJOvnWkqivaWF7otqh+A="}},"ANQlrLCoR4lvp3ab1V0F0g37q8ybqaAw3WYgGnb/kkk=":{"valueMac":{"type":"Buffer","data":"FJ6ZJkB0LPVP6xff/ZUX/Vd3UqpNG3g4N0Y+V1L4Sjw="}},"ANfD7hAvmnFTngLyohxDnv8UCxyn9zPrUM5/Ynv47Xg=":{"valueMac":{"type":"Buffer","data":"r9XF8s2Csysi9xV9VCanlXa2dLZeg7VswTR7LLCuU9Q="}},"AQjptQFSurXFX/Cm5SzspVaX+Ki548w859XhWLYoADk=":{"valueMac":{"type":"Buffer","data":"91SzEFPjpPUMD6WgAsY2DSvO7hyB2AhJxsb1PnJj/pw="}},"ATOZ2ZStH3CAq2sjRgZxF07ceNFuRfc3BmC66f0Na78=":{"valueMac":{"type":"Buffer","data":"vBgaxRsZKFybDde9uTcvYA54+5M7z4oNez3yn4QBHFk="}},"AUTb1ufhYWh3L+KeteqIeqhlWiWNL7IuJf9f+7S+fUY=":{"valueMac":{"type":"Buffer","data":"BJbIfjOl2YPNn7bajuD/3j5jlIyafrqmoM7SWuF+cXs="}},"AhGaEis0IwfktWNT8ToVMPnvHRwIJgDW0qsJ+4DRlZg=":{"valueMac":{"type":"Buffer","data":"SjM2cwkRzZveZnL0U4/oO6f7PnkmTTPja7ThsvyeExY="}},"AjZJ3bXc4b+uownpjrah9q0s0lcXkb30JR0RV6HyFoc=":{"valueMac":{"type":"Buffer","data":"WxWK+8hBGmvLHfSx45nXaApiGooLYxt56/BoxmkNs+c="}},"AnMsu09aKU2AkJzm0ECvlHCOv1LoZAlLfQAG6ybmo2A=":{"valueMac":{"type":"Buffer","data":"lMtjwMm5/7ZJ+13x/zFn37YzXGit6lIQCsFP7XQ0vTk="}},"BAw5iRKuLTT7DXt1VQyU4+ikLnNDaz1mvJeIQ9S4QEA=":{"valueMac":{"type":"Buffer","data":"YiZTigUY6yo72lIRQA7M8HPBEmk8TcFEC09d57fL3Gs="}},"BBzGvuWuNbKdRLPxM+cah6XvDSFc4/9H0erS/3OEnZc=":{"valueMac":{"type":"Buffer","data":"LcB9T/SKFSSegjmbdW+7tSmk4uPWPzOEh+iEpQYiU5Q="}},"BMvQL6/w/+WytrjpJc862nyobVSsbpseVx6ejjuJ0Jo=":{"valueMac":{"type":"Buffer","data":"SCq3CBTN3InFQEvzrjR6GTsWhfCg4dMWdsGjRNz3wuU="}},"BQt1lZH4Tp2a/iePkDJbC9y1z3TFhvdHOuMDXMPi0Z8=":{"valueMac":{"type":"Buffer","data":"znwOnK14S5FyTNAsNX4mdvwh51euv378Jx6ZHIci36o="}},"BTAl/Xf9JCaeu2zw4kBNZ3pG8HLbu5hh55yZlr7dX7E=":{"valueMac":{"type":"Buffer","data":"1wSX8t/Hs/Yeo1UwnoHeAqA1/SCyr1bjnLyStYKAlA0="}},"BVwlZ7RQUvhXtF2E1ML609Cus9/UPC3IJCWSmUJZwPw=":{"valueMac":{"type":"Buffer","data":"OJAGPQEQr8x1jcTbEDw3iyk1th6pLCS8i7Nx4kXHRXA="}},"BYAUhBF5g1p4YyzSLywGB2Hz7vY61tNR2KHHZ7EbISU=":{"valueMac":{"type":"Buffer","data":"u9lgKdhLiCsIhTbyax0B+9fzDduMqTcGb2TqzwMZqec="}},"BZnkphkEykqKbABWD27OLUVEYMW2aWomgyRFpMmPc6Y=":{"valueMac":{"type":"Buffer","data":"1123ry4wLK30VlreVFaJSqEWgMLHKzlB2Aw6KgliSMo="}},"BlWAB5t06qvouJuhYf6bIr7ckdNN6wK72SxIGdFBaMo=":{"valueMac":{"type":"Buffer","data":"fnJmOj7A5LpyL13AVbB9bs09HLwl/FYRD/YEb9RR1qY="}},"BomAuGjxIqwzK4OAkn7KAroL4yeBrQ1tcyM6LJ5x8FI=":{"valueMac":{"type":"Buffer","data":"RY8W6pykjov1kL0iEe4vNmBLGFEDGniBPv44yhFkKps="}},"B0FtVJK7Kj1gYbTNhs5aR0t8N8L6WGpxG91LEDtB2V4=":{"valueMac":{"type":"Buffer","data":"ZBLdC6thoaPa1SaSQL9t0dNVOOs+W51ecpxtly+5KvI="}},"B07UmoYkxXI/82TcxGEj+FYyiUiYzykKLH8BtdOL+T4=":{"valueMac":{"type":"Buffer","data":"SRifuz97X141ZG7mXFq4pU/7uL+6GnxIqwqk1c5hDOQ="}},"B2lqehKZ66sCRbcIX3VmkN7Jn/NIA2M3fDgNz69ekSg=":{"valueMac":{"type":"Buffer","data":"/H22Fh7BrPopuRexvSWOAr4ERWH+mQXc0o2Jq1Hgb3w="}},"CWjooBil8SWMNzSs2aA3zmCFEhWgg6lZiGomzim5U5k=":{"valueMac":{"type":"Buffer","data":"wIYdIHeyonunybr3oMMQlr7n3CESeK/F0DYVA8V3kyM="}},"CpNqEWjTzrLfLfU3CU+ij/jvYr7xIDfNHy+uc6R9m44=":{"valueMac":{"type":"Buffer","data":"78vOaBBem/fNkmQUeEf0d2TM5uiGX2nw7r5QowmvHws="}},"CpUflADcpCp+td8Vwglr2M3REnnv0FGUOpa0U4ciiqs=":{"valueMac":{"type":"Buffer","data":"zOADXX+gBmImnpEFTqohujPihgkKjbS/axAkOTF1HYo="}},"Cr4KT1oHiV0pIuTA1Wa3nMdnpk4OGtdgOsF/wNiz3xY=":{"valueMac":{"type":"Buffer","data":"VP//HIX/G7z1sbCwXtFuqWY6994G0g4dPPITpRg+rPc="}},"Cxs38hB6V7vTqhZxVpyQ5LV2sEpI6xrQBzoQUnkgBE8=":{"valueMac":{"type":"Buffer","data":"QvaUx1XExOFzMk9jjU2Rc12rZPb/0bwBJuidMR34pok="}},"C4JOK9pU1JrbXn6bHo4izCI42EyIDd4JOTcepz28ElU=":{"valueMac":{"type":"Buffer","data":"p2vamylwp/lh7YSVZ4Chr42rxce4L2R/Mdyg7fH2wN4="}},"C6hBhxEwlJzutIOSibSr1jzENV1J18FHZh/I/4KdgOE=":{"valueMac":{"type":"Buffer","data":"I0nr22YQkqjEiBfn9E3HDe24G4BExxWFU0GokJqCFmU="}},"C9vJcsHAV5slQIlIpxPTZtL6aYpg4yv4bVLCcttydAM=":{"valueMac":{"type":"Buffer","data":"i48JqpUv5uN0o+TVuc1pmvSAEpIofkLf3vzqoypLVbQ="}},"DCj8vVK1yoHKZCS33SiQ76voAzpHlySkj4WZiMoZJAI=":{"valueMac":{"type":"Buffer","data":"tlvcIyuZqoDCIeMqAVFOlmzEMvyF72yo0nY6scP1uo8="}},"DE/H7z6bWPZc6LLZO71JFn6BocylQjmT846HZe1HWHA=":{"valueMac":{"type":"Buffer","data":"vSKihQBWc+J6fhJdcYnusXkE4l1sdtKCX+7fbqlqzXQ="}},"DGl+e/caPHuruiA/wXgXBcn8Gmrf5ve55pnpvh6i5ko=":{"valueMac":{"type":"Buffer","data":"6jsDOz94G4DjLnCIoBl5kIaEXi6ftjKvPgQtgPiu6yQ="}},"DHf1oLIpuupFOvSxRPX3cmiBJKaUy6oaUxxYbgrZ4Aw=":{"valueMac":{"type":"Buffer","data":"0Hl/q/u3IVKriikbNHKOvBzHPcGFSAuhrw4fenMI0c8="}},"DNLhtKHTS0vUixZKBAY3rEeJBSmZ4muVG9tlqJJalXs=":{"valueMac":{"type":"Buffer","data":"+2Vjy9jfpXWi4PBDi6sCpmT7oPFUKJsX9OUZGvHrvUI="}},"DNtofaQt/w7uiV4mD50MBScNXGSrSqld7U/yAmQYXbo=":{"valueMac":{"type":"Buffer","data":"qAzfQF+OPlY6r+QLmnB3luLRRzKUAxxZkDcDNq3Qp3o="}},"DN9mnCq01LtDgRcFJsAknZ+LF44SCwmFhr1EzOZ+Shs=":{"valueMac":{"type":"Buffer","data":"511Lp8DVfKNRW3gVytMHIxnZJls0eSYjPOAprvV9J44="}},"DWmue3TAMp/Ce/eNP8DdK4F07/dwyMownBMiLD+JT44=":{"valueMac":{"type":"Buffer","data":"d+S/mzbb0pS2UFlaCiY+gQAtvk1WWkTIqhvpcKCsFbs="}},"Ds8kT6CZu5d2a0Yo3Xo0XvyYdH2OB1hLGSBz8NgFIhU=":{"valueMac":{"type":"Buffer","data":"8OAaQMIhtlI7R58NLXBqG3GZCqzBMzRCSriWqqHwr1U="}},"Dv8JRN4RrfHCTAFCvOVtGtXa/avxEqVUjNrfVpSjjMg=":{"valueMac":{"type":"Buffer","data":"kmaaBvNd9mPaAWO43pKtqyu3lW5dh6clTr8COS4YDVU="}},"DyXEi8tJNkehm8P+dkgXkFC+FcC7UtV7MNMDtRtRI7U=":{"valueMac":{"type":"Buffer","data":"mp15ZQoaUfu120bDz1n65fsRBPV4LPm1vSulLOtt5ck="}},"D7o6R1Bm/yZYBvOsXpHkMP0n/SyDhGcKfPyR63rZEXM=":{"valueMac":{"type":"Buffer","data":"wrwf9gOZGkpPFwWBzgNPxcz/CyuHspHLYCHrpa+E0ZU="}},"EBafsrNxnltwvEgISrICCEdbKGJdevfUVzaJI6R+Cjo=":{"valueMac":{"type":"Buffer","data":"kPvahwh/D7TWwtTWX7CSpwDribMAWG/k2DijiwiXK3g="}},"EHw9cMwCfeWKwd63KE5bvz5uWVSVsm7Use1K9GNP8rU=":{"valueMac":{"type":"Buffer","data":"HrxFn/r54imxplw32ziabb2w0YkaN8960WaiLEBZ3K4="}},"ELlE1l38FwCSaKuhru3kKka4Zl+m7UzOGHaS5UFv7+Y=":{"valueMac":{"type":"Buffer","data":"HRZVF8B7/OAAbqPoWRFGNmip0EoXUEYmAwUw/pxI0oQ="}},"EgEmVbELaz0xchN0TlHU3HTkJMHC0MIzsP8kMt82xss=":{"valueMac":{"type":"Buffer","data":"vBg1NZ++I62Zlm33EYIlzHow0AIDl+/N68vd/XYLSVo="}},"EhgQvE/q/jp7cb2wcTB+C7v1W8n7Q637+hOEkyvXMqU=":{"valueMac":{"type":"Buffer","data":"gSQJxsgDOU867COtH2/qeaCPHuWdmk/K9CGIW7BkgOk="}},"EtcYajX89peIpagGroDQJOVDGQHNJH7whkKez4SUhio=":{"valueMac":{"type":"Buffer","data":"wcFjrhgDQ6fas1N/w8/8cshNLGTNo5ecLcCG9py/CqU="}},"E5a28+uQSceuGWqB+f355X9mM8Of43uxFfORStT8Bw4=":{"valueMac":{"type":"Buffer","data":"+A5gKhqsOmUrdLwUlp9gz4uxCanV8rrWyRLapb7bhp8="}},"E8n/EdIUaiwJ6B+q54C9wK4W23qVNHw8+LMKYu8ItcU=":{"valueMac":{"type":"Buffer","data":"9V49qFoD8GEySYZvyrKgKVnwze0LyWb1sOWgWgwVQbE="}},"E+7AygMMnthbv1WHteE3a7aMURhrhX0dzZTQMhKGdpI=":{"valueMac":{"type":"Buffer","data":"QuweENs5G3F630aoD+Ya7I9bwzC1MHe/amVAcVAJLBs="}},"FZAGqpdW4IABEDWsmzUVpXvkuqFeTcQkbXoY7gvChJM=":{"valueMac":{"type":"Buffer","data":"hQV1sMYxGEgWoumiK6eOhS+gaG90ytDJJMfT7mi5czk="}},"FcM3jQ2AVTHEWW5jJdB8aYBfBcL2oitnOOd2lIj4GPU=":{"valueMac":{"type":"Buffer","data":"TdK5F5tCfuGtNsqeyz7hDDp/ROTgtWVlrVeZbMIMxew="}},"Fl2pOYH2ht2Xkv2T4EtdjbUPZTWw2Hophv5KMjtFlQs=":{"valueMac":{"type":"Buffer","data":"ohE1kFQH2h0VhDYANxe5Jnq91JE3Qf9BegtOl8bEo/M="}},"For7qE/XAXtCEB1uLTqcgbnvL3BErvutVhPRRbKHi9Y=":{"valueMac":{"type":"Buffer","data":"5n/Ulw8ZBBp21d0g8RtE4lZQ/IirXwWhybt4D+7YvNw="}},"F3sBFIkOKRELTtJsuqnSx7Erqb6ujjiJU77e+fPj4Ds=":{"valueMac":{"type":"Buffer","data":"nWeEKbon36QSzXMRaCHX7U3xznrEyY1/3C9o1/bmtEM="}},"F5d0DxBrRdgnyymB0Y65PSwyb9EW49EmY1NhfNooUfE=":{"valueMac":{"type":"Buffer","data":"cupzuxU53lo4v4Dqgguk57W5uBYfwE3dBwihuHTNWGo="}},"F75qIilaEClCxn7VSMjOF7IPbZiYnw0EJoMLsPmIgF0=":{"valueMac":{"type":"Buffer","data":"P831zc4cBfNHQ1g4CeIcdxMjTifb7xxK1VvSOuYufm8="}},"F8KyhM7isWA+4T44rfA8W5LbVGWUVjMydSIgPQIpwlU=":{"valueMac":{"type":"Buffer","data":"Yko7ecclqBlgQP58FE0c9vuVi02bFAk7H0kirhP7fZw="}},"F97sLkfH/zHhm+FfqT5/A2k25S263pQbHW9iTZZ2ejU=":{"valueMac":{"type":"Buffer","data":"Pw4gJTlfQlF+YMCHJeqlKpIU5Alq6xPcmNR4VcLIjZ4="}},"GAc0o1+mxvaHkRf5X22EPiRlBhkOR1XIQU0rFoG7Cqg=":{"valueMac":{"type":"Buffer","data":"kdzBaENPIPsCVaK/vd7PIvWP0FgXaydy/+GP9iW2ooo="}},"GEZ2o2WomU1goejZ0BlAtw9TLXBIgvk/K77kAywDF/o=":{"valueMac":{"type":"Buffer","data":"Oxv8b58HjFJD4zWKIUYIlKicjBNcPYNno4ccI5ztaT8="}},"GJGjgFch41mijaZgblA6WGMznhCb9Zkiq38a2SYgvms=":{"valueMac":{"type":"Buffer","data":"IkBtHBA46kMgYu2y2NMYgQsbC+NuX8ubOazAscgkeCg="}},"GNkuCA3cj1wdL9IqkagYVyYM7K3spA/KJKUNlRjpP4s=":{"valueMac":{"type":"Buffer","data":"GWjRIh8denre1t9Bnwm3hqFaX+4P1gaY3uJc45UI1eU="}},"GOKe+4H34/8tuFm7SYrnXkLaMXk99lc9Zt/YY8h3aaA=":{"valueMac":{"type":"Buffer","data":"3IpHjDLVW/e8f8rDMkZf8+kfYLDp3Pynbz/Z3+o8GuQ="}},"Gcg/h/JtiSw+I6C6l3CX8nCfrJ8CwLlPSjLKobkRotw=":{"valueMac":{"type":"Buffer","data":"2g4q34xFibJyQkW99aiZDFd4s+x1P0PSr0GK++LEub4="}},"Gc8kQU7RmHvRuIzGapjzpjGiWjlFccxrJI9HgGACOPc=":{"valueMac":{"type":"Buffer","data":"Jy2w4z1X8/HRRPQcsgHn5HElUzhQd5W0g4ndlISqCFk="}},"GhfCfzTN6qbA+2NymrenD1Um0r+kHTpHizbIqkQeLmc=":{"valueMac":{"type":"Buffer","data":"MhaNhJ84RBBaK63WugSnJuPhX8zh7RNkEwkB/d9nilE="}},"G3GbC8Ie38MSFakpgRaPGiicvBm5l3bnOFKQmsSy3jc=":{"valueMac":{"type":"Buffer","data":"UaU36BFj7v4wNmJwPlVhO7rIIsHG15/veMcPxWWyAgA="}},"G8XprXZoSpw4anDU+2N2zn1uKlfSKGMjSK0GGaGvvnw=":{"valueMac":{"type":"Buffer","data":"kzcquyXZkZc1EI7cRMWIia9K0zaTmHPySCAHHs4K7Ek="}},"G+PKQd8Y8YGGNxKviE7luCl+CzgGioRLuKIhqz0avv4=":{"valueMac":{"type":"Buffer","data":"N8duZ280JdB+0oClSTxs8E95yPjlJw+4x3DAruTGYlw="}},"G+qno5XLRXQn2nQCTOhCHbqUpHsKSgmmPb1i5/Oddos=":{"valueMac":{"type":"Buffer","data":"pWEqDmj3XXksZi/Ll/mVgVft7Xvc8m2WU+IpyAPiMZU="}},"HCvKcR4nAYPRs6MqlJhWfoBm/XOF2oPAfU4hN69LExI=":{"valueMac":{"type":"Buffer","data":"0l2KqRfhw94B4YlVNFtfoqAsRz5iIQ034vXFXqoar3s="}},"HDvkDFqhpPwvuSvpCi2SgUV2UbryI/PkbPuNigacRYI=":{"valueMac":{"type":"Buffer","data":"cVXARbQoXWF3K8m8gXhidJqBeBZplJseWTLA7JgI9/I="}},"HP+wWM+WYE0jqHRFGGRkQPeUWAqbp+Ons+jLIn0M9iA=":{"valueMac":{"type":"Buffer","data":"bQqmsbqYhJBaY18GmBAxnwsRyGgdemvg4jfA8SQRSS4="}},"HSDfOA+2ycDxKSq00VmmtyaZsUZuYawH1afhqSla8Hs=":{"valueMac":{"type":"Buffer","data":"V652PRW1449ovcC+I4BfAlYfJjtHExuwmmyzdLjWR6I="}},"HSjX6XCnRGEsMRYpsk28JnTNlKe3kTpcy6fFUIyKyiU=":{"valueMac":{"type":"Buffer","data":"WgsapJijwQnAfW+7M3P/+LxEZoOlytn9r2PNyv0RwHE="}},"HT3z5IweLSIYPmoNMOVTf5A1fhzZcpx+VuWGOultHZk=":{"valueMac":{"type":"Buffer","data":"t+HcOeUBIVRI99V3Y3gxI19abE/zLTby9LPFfIENXy0="}},"HkPYNWU+5AmeltVuuP98/bLjfJlBw9DCO8uwTGR7mno=":{"valueMac":{"type":"Buffer","data":"UKK2eo45O2HwqX0kA2X8e70Mw6eU0VWKg0Vu0CcVQ7Y="}},"HwPx7PNFAAG4b1kdre2F8TDX5vVOC6qoVsPMWHBQ1u8=":{"valueMac":{"type":"Buffer","data":"jMIcAWZkKjGn90vf2PebWtoXUAW/SyEYcltX7pCasRE="}},"H5mGsuv9WXpiIRonKlxQ/XPoJsT+jDdRtxn+R3SuFR8=":{"valueMac":{"type":"Buffer","data":"+JaoESiE230tS0g9XaCkN3cDkwe9DzoP4+GoNAMWtTc="}},"H8zQRIyS8yVgBmF4tyOSXNRKQGCi8QTP9Szu3FpFjWo=":{"valueMac":{"type":"Buffer","data":"UWGO5EDrJSA3xJxDHMFAdy1vDw6xEdz558zH31vB9ws="}},"H/VI7thfE2II4GXB66V/bFt2o3xhahzBOQWgTKTHwsI=":{"valueMac":{"type":"Buffer","data":"sgqYROxD3cRNB9mkeOQLwwYTkqBY+z7Z+SkmPbVidRA="}},"IAEvcwErTbjof/U44KTGafQfsA9j8dFwv+DCFIMhjSU=":{"valueMac":{"type":"Buffer","data":"4ZVYBUB959iqkAAoQErusyAp+YFruicW5zihHIyyV3Y="}},"IFrIAxKgu7+64LZEs8dS/nTUReYPX8+ikN81XR0+Xhc=":{"valueMac":{"type":"Buffer","data":"02dbGifgUWvWkoCktBzOavNK2+fmY9zwdB7OKhLOhYA="}},"ILsCllgBgnv3BmYPc4kISUW18aCICOWgAGG2DhgsmFA=":{"valueMac":{"type":"Buffer","data":"PjjldZnSikt6fPyjRYv/rmAl6I2kvIrZzc3jHMJ8IwA="}},"IdqT+nhQ9gS2CPbOnb0eAr1g95EF5DRf3mEUjPA/5+M=":{"valueMac":{"type":"Buffer","data":"jAnJhszh/NbYkM/B34LWpVPcMEgznWYFVjS+tdtZKec="}},"IgEq1nhLLgd8oypECOJUECa76QNy18lStaxX/YKwm4M=":{"valueMac":{"type":"Buffer","data":"VorKqiRXLZwsjHhUk3HLYcyygabEPMHNVMBZ/dRJvP0="}},"InSWTp5XIHSVaKZbidj/gQNfXl2UTSrmQemTAQ6E1xc=":{"valueMac":{"type":"Buffer","data":"Rpnpsjs/+0YBvh6ksbimeKrMXSEkbyqvJHOTxqTMz1I="}},"IofD5aVGB9bjA6h5ymFXXkB+yaJkil6SgcIs+ZGow7w=":{"valueMac":{"type":"Buffer","data":"26mM1MeE0rfTevOQ+0cE3X9vKrHtGkwwdnByla97jnw="}},"IpF1FMBxnWRRb5mBlbw+eu0wahlInhFw4yFTn9t/+RU=":{"valueMac":{"type":"Buffer","data":"qtL7ZWvEW2VMANO5rLpgwPMdl7sbJ648MYI1sBT552M="}},"IqVtA0ZDiTXPWAoU+PmvcQqR0x623Sw/3ytWjBXXHuc=":{"valueMac":{"type":"Buffer","data":"xv0Mc9r8TMKCRUI6FAKQvZscZ4DmEjVZWo4a4/TxpRM="}},"Iru7MDX9zQEdHvI3gZ+foYObH5s0WbDKhmmaYsaoBMk=":{"valueMac":{"type":"Buffer","data":"C7d2UBQd4I9OR5QygYToxMnl7ntv2gIdiJLiLcpbxdc="}},"I1mzRJHLJmsKqITe3KmDElegwq2w7M3KYJk4iFl3az4=":{"valueMac":{"type":"Buffer","data":"tMnlH0bB+0J2VyR7JdeQBDPhbLn4eBNiUAwBqAquywM="}},"I7vf0VQOkX6mLGWcvwlH703/WmRl4F3OF2R9h4GA3lg=":{"valueMac":{"type":"Buffer","data":"y0X8iXvJflnuqGWvQwRvKLG5Di6m5yYsI00rlzWcAQc="}},"JCKnsDmdWm/jj1Sj8dQf3TRWQE+C7XtNfh8QY65G/CM=":{"valueMac":{"type":"Buffer","data":"LjzB6Ge7nqYAOLwXHrv2YxTAeOZbcVGoq0OUB6g1c54="}},"JGctNwIHs6z6Hvmm13ZaIZeSRTGYyRaR/9EfxuU7EKQ=":{"valueMac":{"type":"Buffer","data":"oLJR2Me1J9QZf15uiWtPXDuLQJVXHOzeI2uN9l8IxVo="}},"JHtwneMIcpGQfJDa4cPuT7QtopMMNYIs/nZ5GHZbqV0=":{"valueMac":{"type":"Buffer","data":"qOq1XGuWmV/eeqXTtyabbVDOkpFm7dP/Rdo3PIkOPN4="}},"JS5NHtm7JOWmVpLLInn3Jf6qu2ToFwT60DUixWfNVrY=":{"valueMac":{"type":"Buffer","data":"So21WoNmvJZuCrKv/372B8BYJyuXGnp/1g6C8kKchoI="}},"JWyy4zPUQXR4sDVArXVGDNzL26Y1JDXGRXijOfjAU+Q=":{"valueMac":{"type":"Buffer","data":"2NPf3o67cau9+4FZ2iq6TIn6SgfIBQv9TOwpwh0fYFk="}},"JXOf7/l/WZB1tsNOMMrYPXhKgvUmCwygVBsqk8AzK8Y=":{"valueMac":{"type":"Buffer","data":"8XTsMytP0nIc6UN3G07PdAM09rjpWNalP7+T5Lz3P0E="}},"JmpUICs+N7O93JJ94EZVUQGG+Scon6No1tkLXGT6lyI=":{"valueMac":{"type":"Buffer","data":"tsSX/vD3LFqoX1DWr9asIOa8krQY4C4THh2O8t4+6Ng="}},"JpWD72dozOEL62nvB4Sf5Pn/IDm8S/Lt4Ngl7ULiHlE=":{"valueMac":{"type":"Buffer","data":"HY1nfpUfpYHm+zQ5YuuMq5QuNhhDUtt2i36L0UrsVY8="}},"JqvQN/avg/7mWrJMK64MmPpgfXE+g7wPEsSZJxgbdaQ=":{"valueMac":{"type":"Buffer","data":"CUG8kSP+3qT7kfiJfwEJKsgEqOVAXk8/1QS5wpp50UY="}},"JsJSFrXOiIlv0F5ikzadTvwiwHoP4yL2HRCzt0vNDPY=":{"valueMac":{"type":"Buffer","data":"ake5rlq6e8xivWL2ZRB2xA38oFkLGVqBrXTrhq+8PIw="}},"J1K1zDxrdynr/XA/5PMiDG2wAqz56KsrVmy3YF2i4AM=":{"valueMac":{"type":"Buffer","data":"4qmUSPfcjBCe0Kl0iK/fdArD+uXlM+d06xBonICGBQc="}},"KK7yD546clou4jWgsBLEJjWQroKWOGqIoTL4IbNEK0I=":{"valueMac":{"type":"Buffer","data":"oC2RbC1AlTE23QLiIVt4Tloc6r0unlGatDlJVDPwpGI="}},"KK+euC4LEgnfWK/pzMtoLIM54rON78mToNKxyeg0jVc=":{"valueMac":{"type":"Buffer","data":"OquvaW9vcjnMde17rEK0VI+B6aHheCQCC9H1Axe18+c="}},"KXf21igijvjUWsiywyZ74bpCBXn1j7+G9fs/JgEP2ug=":{"valueMac":{"type":"Buffer","data":"Kp69eJydPqxMjC6ZX8mITga5GeQrbzaJDW5RGsx65TM="}},"KaX2U3Vw/l1zx8NlSg1ynqSVu8eOij+foFEi+HKqhsY=":{"valueMac":{"type":"Buffer","data":"MNE2D+5s+nhorY3fMiGO4aIi1etOgzR0Jl4W9XE2sGM="}},"KaeNb5QH1w5KUr5JFIiU/c/kxB60M0UVARi++GgQAF0=":{"valueMac":{"type":"Buffer","data":"UnbwclbLFQ07ZDVVMEWEMue4KhgfX6M1FwT4zBmgfbI="}},"KgSos+fw3mPuO9vKLfsx9LzHZgoJMmWRFpyok2TWjrk=":{"valueMac":{"type":"Buffer","data":"otv9n2s8+dOoiYkX8Sv81+ZcIhJY7pohHBGjMp6zDko="}},"KgX0VJEHvPnMRrooLd4Yi95HCdhuuFM9Fs4irco6ugY=":{"valueMac":{"type":"Buffer","data":"yqgBHbP3cilyEU5fUIn624LA7B2H7w909lJvLHCFWGA="}},"Knwas+bUO7Lc1bG0AG6u7tREAqdJiNN2KVYOnq2EzdM=":{"valueMac":{"type":"Buffer","data":"pN2qWu+7k1tA/uqQ1EmjmjIrrScIZKaM6Bsb5ypGCis="}},"KyrpJi2Cnk/55xSJkkavuqsKYR9AKAshqpZdoCD1qrI=":{"valueMac":{"type":"Buffer","data":"yYs8so1wF7RRnK5ZYbe3XKOu1i1UbRThJS3EYRf1dIQ="}},"LCRkggOuYIE91CC5RDp6mur0z5N4jTki/s//YNg9igU=":{"valueMac":{"type":"Buffer","data":"dYx0Y2dST9LapKqdDd38QHyMRS4iN/VAyJVCWj7VbGI="}},"LISMOEwlv5096ORJjrxfJFJ+FgpjM33Nvw9pQvPlGuY=":{"valueMac":{"type":"Buffer","data":"gVnq/XBNQREVyCjYYYns5bbp92ZesuJ4wMXgKvsGKRA="}},"LOXo6LZmzAixnjwJjL8/hqseyLcMd+2urdx9Havekhc=":{"valueMac":{"type":"Buffer","data":"pN5EAzp6tQ0zfJzRVpI/kdsfBkU6MSJBp1Bjmto2Rgs="}},"LPwP7ECxHZnjP33cLo0gM4NIdVcQvxbsOnKbznJw4gA=":{"valueMac":{"type":"Buffer","data":"VQyLcm5UMPPVGsyyDDJKXPd95jvPzawLzr5vsgfSzpk="}},"LUPGKHs/5WMaw32knj7Vx72Ag/6odR0fRb6hfIw7uls=":{"valueMac":{"type":"Buffer","data":"AMYaQeRKN3P8p4aG7m/pbcIW1g2i1hdewE44F4BY/b8="}},"LVWed6VwPZsiQGHw2wEZkIx9UONGeoB7DBct0Hr7dbQ=":{"valueMac":{"type":"Buffer","data":"8Glo0kgkenFYtMMIjTRq6UvZUVrcv9MzMkzOZZbsrmc="}},"LYPYazJxsAL2qY22UwR42y0x0/EJ418o1WOGtAVZSxA=":{"valueMac":{"type":"Buffer","data":"Jd26+F+iKhY8QaqFqGsFvd1BYNFnJpkHX5GqoPhfxsg="}},"LcXxpwu1Yc5YeMfJ7mG/FBPkUwHHQrWOWxiXhfKr5+w=":{"valueMac":{"type":"Buffer","data":"mDEUexXlTQOX7FnLmx7pXq+Mch53cmlmt5JW+87AIHA="}},"LdlMgx6zX/p6FBBoPLDCIUUMGGruSqLcba+auS9h2JE=":{"valueMac":{"type":"Buffer","data":"SZKRpoJgNfR8Nj5l4no0imVmZJVRLKW5h1WCYBewGL0="}},"Ln+rtxYvCg/Yyle1jER87chKfqCZxToCC/Wnepo20Ko=":{"valueMac":{"type":"Buffer","data":"emLUEcadYh7191RQFre0KDTOGqGIyKFgxh0iYFkEWmE="}},"LvJsapNYBQRPiwp5VmoENBMVLCOVPFIiWOEHH+6pTaQ=":{"valueMac":{"type":"Buffer","data":"JapAqJlgpdKnQORtejvY/vZTLRWhxlRobCUgwHb/a/s="}},"LvTl1iMirrXxStc77eyZUgRCjrHFzVtjzll3UX9FxJY=":{"valueMac":{"type":"Buffer","data":"MEojslm5EEpTqc1Wi51iuCH/VDIsY7a/rPwUCjBMJ6s="}},"LwgWqegsVsxSln7zgY/c7v84RC0Nnc2k3+8QS/LEY+4=":{"valueMac":{"type":"Buffer","data":"yhmO4OpUO2DAm8fN3wnJb6V+tEzxVhazI9ehrVECvZU="}},"LyjozKkl1pnshhrEtq1qrpVbEYwDocSUcwAyY1NZjzI=":{"valueMac":{"type":"Buffer","data":"4k0Krx7KVR2e35rt6JPduadlE43x1pEY7oNKWmqGRZ0="}},"L2SrKaQgV4Qb/TiYr4YHxO6MPW0aG52RtJNfdjSgTpo=":{"valueMac":{"type":"Buffer","data":"UL0/5gLsTTCJtbL5r8lmWfif/5afHF0SIc1Fv9bREF8="}},"L8+Z/Rkl9qs3RzYeesN43kpOs5KTl6EYEVMrJbMFZTo=":{"valueMac":{"type":"Buffer","data":"252NXHoNyMMPDDZ/yDGQC7yFbXDqoKRaN5+AHallawA="}},"MB2iKTYvqu3FJjgJyFQmOJGkwQ89rQI3vLjKWx9oeYU=":{"valueMac":{"type":"Buffer","data":"i6Ik1NbZNgo/u1ziN3xFhvhnUmJUsvMUbs+pVnwGh48="}},"MtoNbWD8ZaTX9kjI1zKTPrrFP1vM5o0w7vVZmKgmj6Y=":{"valueMac":{"type":"Buffer","data":"7kS9951pr/t+FmjnpUzLOMpE+CLyUVYpxttw3Ly9HWE="}},"MuKmnMLxCOegwJIxDTYJB96vxKPxVcDm4pdgztwU0tM=":{"valueMac":{"type":"Buffer","data":"NYdG+nVvpqW2kG6W331TL92ARsfNCH8VM8bcaEcySAA="}},"M2T46U1Eu/xjAQ0rlC3p1n3azj0GI/Y2enPSJVL796E=":{"valueMac":{"type":"Buffer","data":"CxG3e2/JhcySRS/tXyeeIqh/D6zu7qML8SNjVWqcTKw="}},"NCiTD0zMJWmvPZN1M3+y07ZPwRMcYEEssKi5uQAntlU=":{"valueMac":{"type":"Buffer","data":"y5jcsm02GFXPOuQSGi9sRS6VpiH6MleupXHVWO2ik2U="}},"NDCBICHvpWURhRWcLjt5BloNK1hewtUBb0H5XW1uFj0=":{"valueMac":{"type":"Buffer","data":"jaFvZJXfGTaSFKACo47OLl9fn3SIVJyKcga6v3oXpIM="}},"NDsa2z2pdW09V2nQYngcFX9piwnHgX1IMi3c7UlZKXU=":{"valueMac":{"type":"Buffer","data":"+03w/G2cgHiz06nNlOFOSKRr/vElxZ7glxXafPJvavg="}},"NFnbnK0Rg1GU+xVmP+lKV+7X2DXn2Sfv7yH+sbrmqTA=":{"valueMac":{"type":"Buffer","data":"TNu+dLPTRAUUQxHEc119WbA0co+CDcE+UXfCN1+dHzQ="}},"NMp4JG/QgJiYwzYEbq7jU1QPQqLGqfETIkvQNPXN5iw=":{"valueMac":{"type":"Buffer","data":"qPgo0Fi9icieitHEul1FIOlZienXSVn7Qf+b/HMYkQQ="}},"NRWl8dDR/lchDUopRJUduPzd4B9Rket9Az6S/yVnpPo=":{"valueMac":{"type":"Buffer","data":"oCOJJ7i7w7ynllyslckaXLaFQO0CfoWrV7tPC/pckiQ="}},"NeaQ06Sp/8QLpN4k9dc1bLdIQ0/l+EThmv3oCQvSVLM=":{"valueMac":{"type":"Buffer","data":"WEMbbPuXJeXWp88Tyqubl/3IvgOFWCMWuZbZPipdSUM="}},"Nng5sOI+Bt2PPVGyZlpAFpdhEM8Ef/UdCnsOzv7i/IQ=":{"valueMac":{"type":"Buffer","data":"CBNSJoLsN0WQd9hu6+ZkZUv5JyKc5RhQb7TxFPZ1/DA="}},"NpfoFHVQZOiKWqna8tkuM83XUmT8MgqKwjkGcD0XhJw=":{"valueMac":{"type":"Buffer","data":"S62yGHX6T2cDutsYEulHyubB2w5U66IvbrnxghQkqvg="}},"N4fsoOlIVt5UbvxKzFug1MYwgf996hVWR9QENIHw45s=":{"valueMac":{"type":"Buffer","data":"xRaUP+5ijlpUyKZYCEhS5skG+R6lkuNCOG8fKHU1/F4="}},"OVvGvAxQ7UiQ7eAfz6iucxPXlWnWLaaxNSRTv1wjhd0=":{"valueMac":{"type":"Buffer","data":"ivicJbLlZFpw1JdPZ74o2Uc88RWC5W1tphkNIYojtNw="}},"OWI5odG9HQtI3E2h+MRB1VHeog6RCmmrTVFYnwieUOk=":{"valueMac":{"type":"Buffer","data":"5/JqvDIhuGSF3Lp3V3f5KiaiA6p8JyZkA9f1i1PJS44="}},"Oa11Wd3AXsmclLdxHCIwKNorEvMFV2x3RRchCeM/Ldk=":{"valueMac":{"type":"Buffer","data":"0B+8E81Q8Yqpk/fMCHoeV/+08/R5u+y8scxNYvOzkhw="}},"Oe3JvzFEKPnLgCnwJ9eQisfWombjw/ORwPfS+qZlWu0=":{"valueMac":{"type":"Buffer","data":"fzK8pJCD5fQYePWvRRbhexJ0UgWvK82XskZv057Xhls="}},"OmxyzoSmZ1IT7vZZwL3sQrYqYyx2ffrZGGdoZbsDrX4=":{"valueMac":{"type":"Buffer","data":"Gj6yRd5GqPwcWNaPTWzqWxoWNInsrddYLfFajZHDZDQ="}},"OoCDB0UNAj+4/are7KcaZFaWcjg6McoF7wkgWLlr168=":{"valueMac":{"type":"Buffer","data":"PBG36HQre4pjirYqzoivJ5KnZbii8it7JwqpsVHmrQ0="}},"OrDkaqGRaDxF9ZZWiLo61Visw9hr3Zq/p0oNbmqL7l8=":{"valueMac":{"type":"Buffer","data":"aItxuSeTkFRjO30OOrY1qx2lMAotXjBWYTp2N/MLQhc="}},"OuR1UNBiLKagWqmpbbtPNpztcd6vzm+5FyADFyMt2vc=":{"valueMac":{"type":"Buffer","data":"273tVe+s2ZUbkmMlNZdcRw8bGLX30J9B14gYLUJ1ANo="}},"OvDaPhZBJZZGbEf17hwghcN2cWDt0KSFn1kYe7oSdOM=":{"valueMac":{"type":"Buffer","data":"7cEMsEHv/LBMTNBfA+c1qtTIHvzafTrOf50U3a6MKrA="}},"O2n6f1ekyQaC3/5tFKiq1IleurBD4y0Oji+Q/w/ZQW8=":{"valueMac":{"type":"Buffer","data":"pfomh6H2qftfwMyPJ33uZxeYRI4omBl5sguGQBK/OpU="}},"O7+IshD3vlSif4yKyUoe9NZjQOQYL8FvJMhvyY4mqaU=":{"valueMac":{"type":"Buffer","data":"8Ay+ExezNySX5J5NFqwFOcyz1Tpr0syFv/yEafsi7F4="}},"PGwEdvsP5acAPqmrWBX7uTK8gG7KdgNLc6BaRwCUXfk=":{"valueMac":{"type":"Buffer","data":"ZqGvEWubhXoiSj1gOF8VXrTx8pl8C4+d+sKPaEH4SCE="}},"PadbV4BObPaGYuFiZqoC2tvF3xDUO0XOD9YmzdOjLeQ=":{"valueMac":{"type":"Buffer","data":"Gu2+MGs0KOuVpnYPQXJxhjUisN5nXNBvwh1ek8QcAmM="}},"PhQnBP1yzIH5fTstCo2X6rKnTkHDx2HSH/W3Isl+5OU=":{"valueMac":{"type":"Buffer","data":"YtZ5nstthkhh09vqcBZwu4Fgm44wGdfBy1MUZC1OwCI="}},"QBbs3PmPT0xEjRn9uIvpiU2KImDiJI1FqtPmj2kplZo=":{"valueMac":{"type":"Buffer","data":"YPyXEEa939zuWLD5RFdlifNmq3BpeclzH5ZYQLMtC4Y="}},"QB6jvgfGB7MpAYNUKhicG0dc6vj+rWt0L7tIWAHJ0N8=":{"valueMac":{"type":"Buffer","data":"hXrb5hMcKsGMVSm8TOGdvySkAGvH3vdZE4kZAx8DMeM="}},"QD/n5+VFvWACEisk+OqdUF6Ng0d/17xojXbLrlYnuk4=":{"valueMac":{"type":"Buffer","data":"KN3OcDX8utSJRwc518eeyCeBFKYs0WT1a0dJkWKa0Bg="}},"QOxDVtdY6RonWKspKIz1sPTFmDdtPF6b/8BmCFv8ml4=":{"valueMac":{"type":"Buffer","data":"MKud4sYmPmP8R8gU7f1bwcr9n71qJhzhSpYR2fvc31Q="}},"QSNFx8gEa3EpuYbWZei3F9GjIOkFFvFqILqLPdDj9Kw=":{"valueMac":{"type":"Buffer","data":"f1V3+exKmGu28qwRYkZy6JxY4Yl5xiiYRE2t8kF+twM="}},"QWXHtKHV5kUsOIlFNTBJTkyDoPGUjwMLdlo2xU0PVTM=":{"valueMac":{"type":"Buffer","data":"mUp9EtzmIH3UFIV3ps4xEBMcrS0XkcvrurYxO30+vm0="}},"QZix5Uer1Cu2sFSe+gImLj+qqaJFinJ0eL9zRLfd+k4=":{"valueMac":{"type":"Buffer","data":"GNYf1w8OfD1tWkb2zfIqgz1YjMyfXZ265LAvBFbfxqE="}},"Qad7OcvHLVkG4Lwi9JExUwI+qR5xJWcYzQSZeTuR2M4=":{"valueMac":{"type":"Buffer","data":"1xQ8n5slW6BQnq/3lfXNDeRsvR/QMHRvQIrcTvFEfZ0="}},"Qcg7LnmdM0JrZgIZvVKYdLRlZOJvmtC9X8TDynysXHw=":{"valueMac":{"type":"Buffer","data":"KlKtGkoxYlADNz8uQC65QTy4AJpcEkuMrZW8uwS3Z+E="}},"Qe7eq/331FhVX+jWCD8qhPtPYeddcj91M5hb1OywgpM=":{"valueMac":{"type":"Buffer","data":"mC0PUnJhwNmwkm/50YhkRZIazQnzoXGzwDZ9TapYCCk="}},"Qgzp9sly6ZoqSoQqV4NY6OlRNpL+UNu/8LkUIbO40tw=":{"valueMac":{"type":"Buffer","data":"QpABxIy9mBuFMvvm5Lb4bKLtu0XL3QA4TWj0QfudJVU="}},"QnJwZmUasm5QwW+5VXeBigNfLZrEaPq+c6+tV8WNAq0=":{"valueMac":{"type":"Buffer","data":"bBzVLRm9JYe0LMrCV6iDfwuxlLnTI/TZJQ8imPEtV4o="}},"QoK8ePQXFay2IhSRF4yBbMpQX/IlPQ0Gjmn1mdW/TrA=":{"valueMac":{"type":"Buffer","data":"5dFBq8qqxJqmQbjxt7tMSFJF4Ph4leUWZ4SEo2wQ37c="}},"Qo61GDbIz7KrBX97L354L35i0IuIv760rTQ0iInYxLg=":{"valueMac":{"type":"Buffer","data":"JEr5Pgd3s5PshRw17SYXUNF8kXtjF0CC4PX2AcwXQm4="}},"Q3puyH7c4KPjxihi1Ka6UD5Ee3f/L7EuBuTU6hAswsE=":{"valueMac":{"type":"Buffer","data":"OIlpHZfahUaFKnb8QsOYlyiFC40CNh07Stzl09Eg/HY="}},"Q/RXSYE1MRdtGpCcDoYJu5P6aBwQUSWe1dVvepdp5I4=":{"valueMac":{"type":"Buffer","data":"VQpgTbSo+tzVuh0ICNFUGa7LHPlD5s8UNUAyy3I8ii8="}},"RF1e7Fxe098k+QQDC1Cv464luXHWT2e99laa+ABYZ34=":{"valueMac":{"type":"Buffer","data":"xI7M4zlXrhtnnR175pzTv05THT/FriNvT4wDj426Jxs="}},"RHpmhENZQ9wL0HE41u/eaHCNjqvPH8aMC68n19TRI6I=":{"valueMac":{"type":"Buffer","data":"5lOr+qUmUi2j1BaD8GPynHuGgoTiKFG3Dmh+fzCqYx4="}},"RI22XScO8GlmERdhtdPQTTjn/Qgn0jBeEBXJpF0E1os=":{"valueMac":{"type":"Buffer","data":"xpNA3ySqsBaK+xMsfN2DbN74ki0WM0Vs42giElfl3l8="}},"RMwcv4cS3Bkp96V8Yay0vvuobHfxqh7jk1k8B6r4I4U=":{"valueMac":{"type":"Buffer","data":"SHvMbwxjU6A4puHj4z9rvJ6glvjHpzCokHckl5hcrO8="}},"RRwud3b4lRRbTKuAoWoJv78xKA5zqJ8WW2M5NJz7OZw=":{"valueMac":{"type":"Buffer","data":"DLRHAKFgvbFf8yCnwI5VMXj/Q/iG0vXKswJCNe2seUk="}},"RVh6b+4DrRtQS8qGhrUaCXNFntcEpk8wYokUIPjwl9M=":{"valueMac":{"type":"Buffer","data":"URjGiRjJuVeZ+uI86HBHE63p0j1SsmiD60C2psnSi1k="}},"Ra6S+yub0NmDsmALD1jFuQkpaqhJej3Fp1oOcSvV6Xc=":{"valueMac":{"type":"Buffer","data":"YqYGuUQa1GuF6jH5zma1BZgi+Pq8yxYhbU37+P3LVwc="}},"Rd2CRLc7EBLsGLc27BqbrYmmL1X5fbRelyZdURjgnVI=":{"valueMac":{"type":"Buffer","data":"Q8YYBAQFeJRb+ehq5C7GVJt8nYFBNe9AiZQJqivYddY="}},"RnSGsoMd+4GY8HXh9mpxqaU1klCaa8WW+xUBmiFzVmY=":{"valueMac":{"type":"Buffer","data":"Js1suWeCtOhd5OUewXUcZJmqNq2Scpp5s7c7uGMPAhI="}},"RpFz14XYn1M2N6BWTj9B6kt1x5NNz4mheTXD7uh/zEA=":{"valueMac":{"type":"Buffer","data":"FALlIf6E0byqLcEIeQPsKPG5r3tWheZjpKXyi5c1zf8="}},"Rp3L3bw9TQ5h07F9vbNe3P2pFyRMPR2tWtjEaRdWTmw=":{"valueMac":{"type":"Buffer","data":"xw8X52eCvr+Ra6Ohn09tqoXQcbcfCZiUNoUNIfVhqHQ="}},"RreLBVDtXsc0znRbjqOk3snSUE3LF4eHejWPN1+tF9s=":{"valueMac":{"type":"Buffer","data":"tipARNPBfobqp+ISpNiJFMQanqJaPYiXA6aOzepu8Ik="}},"RsZOmF0VKztX9nD6AitHWLOHNyW0522btjEZ+EhIecE=":{"valueMac":{"type":"Buffer","data":"D8B5LGeDOTnmpDiC20O4TERZZ+yQ5krOu7IJ/1QE08E="}},"Rtbjfabll3+ifs1nqh7Pk/vkPUkBdIAtAjUOdZfQd/I=":{"valueMac":{"type":"Buffer","data":"dbu1+lyHMySpWMWTSE43eZLyZs7Rmq3wqRjQmSJ/QAc="}},"Rv9XDGwaj32PxKcVm2HYdbkhA9pAifWD3mbASsDfvk8=":{"valueMac":{"type":"Buffer","data":"7CXjb/Ydl//L4eYfiOmZUA+fhmPCOb/UR3GRkttuaZM="}},"RxkexF4CCCt6qBpy3xpoV7SqTh/B4zJ5RLiL/20SyWk=":{"valueMac":{"type":"Buffer","data":"X7GuGjs/9Nh8kGZsUKeh3sBql1+3gEF7A+RNRvV/cAc="}},"RzJHGZp6S60UwHBb0T5ZExsQizQy8X9xXh/wVd/3mgw=":{"valueMac":{"type":"Buffer","data":"o3WfDb1cmUCOmRdsCb+IngcrIb6kvP7kPmjeUcSz2ks="}},"R2hMdjKUDIZ/bHLQmXZIBON+trIPo/Yh575YIGuEsBI=":{"valueMac":{"type":"Buffer","data":"t6w7pjFq6BJeOaMopNlbbB/Mcp5lAwCmkwoHDaZdOKI="}},"SHSWAxmYFs/W5Lw94FSyl+WZBeUAry7SM9/sQp3CrJk=":{"valueMac":{"type":"Buffer","data":"yLytGs7ofrTWsAZknudFzyhBcUtBJAw9pDR/FcRQuc0="}},"SL817pqOKbhnHfWhzHrZ1/1HwwwwdzSRhgKWCYEYnIo=":{"valueMac":{"type":"Buffer","data":"KnJN456VLe27xnBqQn2FwfzNtPPZZKajggmLVGnIeTo="}},"SbsJqbiaFGBjgWXJATUK/L6vVcU7wk/gkC+QGzCs1e4=":{"valueMac":{"type":"Buffer","data":"6Sb7OonsULxcZe8EeQZxeYkahvA/8iQOM6m7BR97j4M="}},"SmdoGTSGFTTmFMnB+3QpeGnzxlAYBbo4dFddWReZ5TY=":{"valueMac":{"type":"Buffer","data":"yURDxkDrb3IpYe0Xy1rHxB+2pQxBm38EHf1IZPGHPv8="}},"SnN1crpAzMbbsgIobBBR3DoWLTPPMTIbsTkygtrDv9c=":{"valueMac":{"type":"Buffer","data":"Ajz4B9yuzXPhYomgLtcdaXllah6RgnAvXsLtid+SI9E="}},"Sn8mpQPss1GyIA0TBli4oquROAb6be0/iqUkPWoZ19M=":{"valueMac":{"type":"Buffer","data":"Fgr4AnBRfLpFHXZEDXjr+7/BgmX0kge+t1Nb2CWRuMo="}},"SuPELxL1MfaRiJlX3F+vghN5VO+i/NENLWpeg5ivBbY=":{"valueMac":{"type":"Buffer","data":"O71eTI2WxWSN6SyY4bdRSmxNKNSjm/jsGA68IiqzUmY="}},"Sv5BqNr0+sHM9M/Y8doWz/Ek/4t+6u3AO2O8eh5SGTQ=":{"valueMac":{"type":"Buffer","data":"5S/PENoJbca/6lrGpGj20TvQfSOUzSU0NE/GUTGDUzI="}},"S+6TrmxNhSt/NZwj23fuqrs9rA4cv04slZFjJ5rkUc4=":{"valueMac":{"type":"Buffer","data":"S3d5e5SQ7FyUV4O+Mh3kRmKjMqObcyC9wNXxAFqvJk8="}},"TEIpxJlQsrsANdAV6tjdKI37Zqo86lemrll3JZp9cV0=":{"valueMac":{"type":"Buffer","data":"9toZNLbppV0jYvCyLnNu7BHx4iS3GA31wjBwNVhCKSo="}},"TIqRvFg/XurTSAh44Ljr0gbsHNgRFecNfBw7/Z5s/+k=":{"valueMac":{"type":"Buffer","data":"IXUpfao16e3y0V9ceKJenqD75kI82MriMqzIb2VCUZ4="}},"TMIfe07hQLqaBKxy2gu2BSs7Zh3UXT35rf1cOTMvcGA=":{"valueMac":{"type":"Buffer","data":"ziizRVojbCv8wQ4zjn+Ym48EtI3E0yjH+hd1T5TQE3E="}},"TVSAri7ClrG3U8RjSHfdIHIyWyAPrK8tr4RCFzT0t7k=":{"valueMac":{"type":"Buffer","data":"t3+XxPZx6VnuInIMW1NGZEyM+MRy3BC948v0fSiZ26U="}},"TZQBvf6qBaqqm76+rDFliVFKRd1NCWqkEaiz7oxN5DM=":{"valueMac":{"type":"Buffer","data":"V8qj6MiAWgrztT1/5YvSFLaS7vUoTnAtfxlOowVRG18="}},"TauQn3OQswp+T+8P7LEc+8j/9ET45hnpc67DhQasV9E=":{"valueMac":{"type":"Buffer","data":"m0SWSw2H/MrY3RzxKf6/n+zPiUG/WMnj7kBZ44WzS/A="}},"TifLOBj10gGkhhe4Z1nvAlxg9fG6LZgjcqS5WgyTgPI=":{"valueMac":{"type":"Buffer","data":"fbCOiyqFDRCniFM6ExXAYcbXJk88jatxP+AHyFFlWhc="}},"TjRAWKh9ujgjL8OdYAt6nBR+nY6OK9z/4j4/APCQNYY=":{"valueMac":{"type":"Buffer","data":"sHOPs4jbVTyXmiLQv8rdvWPLw1OE/0nx2nyDf60ZaMw="}},"TqbVoTOhe3Jz9EJQZW/vsBgAQBHAKlK47SwZgrGiK/o=":{"valueMac":{"type":"Buffer","data":"cKp7jKi3fgssP9Fcmzbkn0eo5TnUfrzx63qg5nMj978="}},"Tu0+mwOqAPdXRAhw3y2xMOmMuUWglk9Kt1q8xMnHCWM=":{"valueMac":{"type":"Buffer","data":"u97x38s2MdR8DAE3njLaM9y+GxZSfTc+gE1Zd+/YlMg="}},"T0hwsiFLLZrnT6oAKohEmomkWY/eu2dGzd3FebKtv08=":{"valueMac":{"type":"Buffer","data":"mW5myGOMcq4iF0ts/YqKt3fP6Sw2HSW1buCAMq1njbA="}},"T1WbWzrrfrgFZFl70O7qmdW1lXRIBTaOyGG6XI2dRYQ=":{"valueMac":{"type":"Buffer","data":"d+ZD9BfiPJGENx9c1l8pD411jR6tYdCOpXc7oq4lFTQ="}},"T2IWqXdlFFQC0Gz4vOWNNOKY3SMfNgxmt0qhpJmUIyo=":{"valueMac":{"type":"Buffer","data":"bRx4I6qQz2VR3a00zz6mXIdBiSDqiD3b06bMvtk3/js="}},"T/hddZfLkZG5S9xBnu8Ch1y24KQ+PfZR10CoMyKsKuk=":{"valueMac":{"type":"Buffer","data":"qrPHT6XyFavZ49mu1aQUVG1nyP6W37+Osie5cWBHFLw="}},"UBhRijiCOiBYJqr2qo41kZ27724gVhBePmnfnj1dEE8=":{"valueMac":{"type":"Buffer","data":"6nYkxfDl8PGE1W20ghj0aifHYp9NNL/OyPqz9UspXSk="}},"UHNAhKe3e8m0jvDEAyglSRULENJso7NpgpIb6BMdU7E=":{"valueMac":{"type":"Buffer","data":"NVjNu+YNHcbs9Mv/P/umvpxVVL1Pmz0MKTM32s7xRvA="}},"UHuwyG2fMiq+8fkKeLfQGTodEt9nzetlojMwvyW5Zio=":{"valueMac":{"type":"Buffer","data":"iyBzBJHgvzNZANz5diQsDjPNTm30d4SSCuaYi7yXPLs="}},"UNkbivy9uz6i8yNiopLEOl2fOhBZJaFs1/ddlgo5Z7k=":{"valueMac":{"type":"Buffer","data":"tP1X+MIXgzAe3ZDXCT0d/ValMxZ4TW788u5LYOP75hI="}},"UPagxJ27k4ZXNqT5LLOjllFIEXuYn/U4ZAQsT8GWETQ=":{"valueMac":{"type":"Buffer","data":"Z4nS5eGjXxXBK6JgnradJ8wkrpsoFjRwh87RWy6TffI="}},"Uc461jlKncpM0897kegKif6SHEPtrloyWWk9tovZinI=":{"valueMac":{"type":"Buffer","data":"RhI5S876VZAlGGhoC51F1uSQR6T8X54wvQBMvOVvDKQ="}},"Ue14XTRRLt1cTWgtBc716kK42YLjJnH/4Qi6Y/ig9lg=":{"valueMac":{"type":"Buffer","data":"63t0TEqQddPqZgffdwOMfDc9ktu9TentZTjowz3DW2o="}},"UmampZcxbf8e2Faz2yvoRN7LqEhjhm9CWP7J1SKQorU=":{"valueMac":{"type":"Buffer","data":"K1hTZ/gqwt/2g3lNMznuqhJmj0LxZJ7ebm2NuNz+oh0="}},"Uud2jfCncKt8Jtout7WgFH6QyJsTShTRZC7rvZMACNs=":{"valueMac":{"type":"Buffer","data":"3nFdeSaxEjoRXfAUZN47zRXXuTu54lSBnikR6IBOC3Q="}},"U07IsRnP5fOoYa3KsiUoaiEvakMjAvsXV3MgbtMdlY0=":{"valueMac":{"type":"Buffer","data":"hWPnMNG92hME+4BACllzkpbkzv5XqheQGbBxGUium7A="}},"VAOHeB9+ihwRRRJRN0epCXSNTUZCeOuxBs8/0usWfjM=":{"valueMac":{"type":"Buffer","data":"90dfvQz/WwTEhuU7UQJxCLqAbvljFixuRv17TpPrnrQ="}},"VBA+Df8paNZ81sDHBmtNr0v7DKPuQAPGJC5ASoqZk+I=":{"valueMac":{"type":"Buffer","data":"/b5VGiaOsF1V61gxy2ql19ZJCnNp2UDkB0zzo+U6uYE="}},"VKHNRnRo7sukP7eqr2tvr7Lb2zka/VmO9i+gIPBE6n4=":{"valueMac":{"type":"Buffer","data":"cY5cyiWlKV2Ti9m/yO+fgtC1ZctSFe9Hm0Onid2ABC4="}},"VPCAuymE/wN/1HhecpxlWwYGvHVrjaryildyXV5CH7g=":{"valueMac":{"type":"Buffer","data":"pNKA5xTZjGyBpyXkk+Z9yD/irxp7YEQlVLck2MG5oBY="}},"VZhMMa4Cl5xE9KDIjZEXjEyqf+Wg+YZlltV8Ljvl54M=":{"valueMac":{"type":"Buffer","data":"+bkpdfOBTwY4wa2bvTDC9U1M0CHs/n7wFpNAJH5FUWM="}},"ViuiOczK3k3cG45D1zvXNdwkFOlEZ79sF0Khl5PYpKs=":{"valueMac":{"type":"Buffer","data":"jk/u5uE3odxmRQvBcyR+BNz48peMxKVTCSpmGHl5WwI="}},"Vl4m+4FxOiaPVswXtsYHHUu0SnjgEX28SNsdb4EjrRY=":{"valueMac":{"type":"Buffer","data":"4AQx/1/nJTxHzaCTr3q+CavjZQ+QgglLXTP3t5qBuEk="}},"VnmkUD8Ue0UUVd1C2hRzFLpWAlA3UrR644yRle1koeI=":{"valueMac":{"type":"Buffer","data":"18hMRrgfV+cgB2tIGqq7zF5GOMMZvNY9YMB7P6+Ukpw="}},"VsQ9VyDpOYIwsi8ROsUHU6oBSO+4pYjjiCOXCz45ip0=":{"valueMac":{"type":"Buffer","data":"BnarvzzZInVXcIB5GblxX2/LgldCweFFHRgVsqdrOSo="}},"V/l6ZSiepbORjHjChmV1zA/8KZr/j+L0vzxBlF7NSEk=":{"valueMac":{"type":"Buffer","data":"4zQYWMK9qRrG4qG6F17Rfb6/sETs6SOy911uqYMMk58="}},"WDAJ2KkajfHPNbyfImja8Dy333ED0Q/I7LQHsAWtw/Y=":{"valueMac":{"type":"Buffer","data":"YcxZSNm301w9pZyju2w221L3luUtn/SToaaFzkjll/Q="}},"WFeIvpvL4i+N1+1FzM4ed1VMyMzG6EaB7q+gl7YsO/4=":{"valueMac":{"type":"Buffer","data":"LCVvoTQrr9fq/3NBeD+0De2PdErjm5wr9WIqCSQNf18="}},"WKZEDo8WMcEI6Tb9y+8qx8ge5StiORx/IPmbac0+2OA=":{"valueMac":{"type":"Buffer","data":"GyIRExnTcrYQGktPfgq4gTnWDpDWOtwMB1y0GUEX6HA="}},"WLuDyJ1Wx5+H8BZzDjzsersP/16Qv8+RM0yo4HcmlmY=":{"valueMac":{"type":"Buffer","data":"Q2Wgq4bEQBaa80C/N+k9w3KVO4pKMXTgQmC2cUhHGlM="}},"WUeybe2IYkXsJJjn0KPveQkQgGWYuzrOr8DeynM+X3E=":{"valueMac":{"type":"Buffer","data":"Eig4m7t9J00DOuQ4uu/ywZgtQ0cLIEoCpXoIRPmXRK8="}},"WWlcB01ICbeiZQvQQmL+/rqarOvLVPvKBnJlO3fxEeA=":{"valueMac":{"type":"Buffer","data":"/7oo6JmHDVvjCwU/omrBQpTCzOnt9QVErULUY85j1ck="}},"WYVQwmaxt12NKVDNMsEx16j+rx7RQc0K6Io35L3Zw+E=":{"valueMac":{"type":"Buffer","data":"qyAZX9IALrQM416uBlnf0PglTeGsJK60M2WNhVbgAaM="}},"WfYJer2oKId76IpXsL03q53AF7ZyygYOCc9Ny0+RxG8=":{"valueMac":{"type":"Buffer","data":"qdHToyVJfzgtEDLV1BFO8wN4J5byFsUrp8HXtsDt6Ew="}},"WjmKjtDzfVvQmRi/Qj0WyfPt2zz3GG/PLbV6q2FRJrE=":{"valueMac":{"type":"Buffer","data":"QpSZayog+tvzNuq43zyFYLhFVeJ3t/nKwvyxbAjraHs="}},"WnMGMKgKQiADXgksWxgxDfoo3FTlQNXkZcjRfneZq6w=":{"valueMac":{"type":"Buffer","data":"EMdjQ5snDepum8mBKrf0T0pg+E4KP1byB0qjNJiLtfs="}},"WpZrNNMFixX8AWBWC9nmvY+3WdBrx0HiikDqhMBV6to=":{"valueMac":{"type":"Buffer","data":"cpka84RFlX2CT22bmtaRVhdtnt4MhwZi5rMhUW/KNHw="}},"WxHna+TRcY7NILPN4PDR/E7AnxjtrqOV+iPT9guQHAM=":{"valueMac":{"type":"Buffer","data":"u8Zo5tVQIBA9yhinFH6JWGVVE3sURGbly86OEzWQnL0="}},"W5f+36b2gZiXEazW6ci4/CKaPYEFp7nK/QH5UQJylXM=":{"valueMac":{"type":"Buffer","data":"cPb8jhLjm7rVQfJssVPcOJAZZePeBRjH2CsPOzQfdM0="}},"XDXp4aaZI/x904ebjYxRpYaD1nerLl28q81jaSx0bz8=":{"valueMac":{"type":"Buffer","data":"Zc1AMeKnZHoZ2fqwCFfsqsfHYpdVlPogrv7GhfgnT9Q="}},"XDx5rCBZDoVpDaP8l0wgHxpvCKSxM3V2q7n/FPFfed0=":{"valueMac":{"type":"Buffer","data":"xVmq2zAea51IYjJwMXtjwEaHcu3Z+90mv+ms17KOfsg="}},"XREtF/GT84XdXv+Hp9fVDBxURBYBRpU79ixEMehYNf8=":{"valueMac":{"type":"Buffer","data":"A8f8YfqzPxPZfGZrPeIhdSHGAtx8g7Zia5dXoSmuYVQ="}},"XSBChGwedYyxDCPOlfQjmqhfFOCS8xmqnjmqq5Kewkg=":{"valueMac":{"type":"Buffer","data":"opPNlc1hqe7o8XXZ8oE39mi+QeJYc9ouf5CIKZm5Q6Q="}},"XWvhDQixpuHaX3+lX4YpBS3MwP5C0JX6lGKzFStgJcI=":{"valueMac":{"type":"Buffer","data":"RWcKbHPDFl/ok4wEALg6eR4MhYquUEcjjP19HIY7Cew="}},"XmJkR8SENineUIFU9HKQm2Z01XM/mVCne9xYpeptq3s=":{"valueMac":{"type":"Buffer","data":"j7GKVpaulAON6BdFu5fvcNbklk+Ac0khmBmxLUdsgkc="}},"YCGMtwcNQA0xg/gFSbQ6sfmrht9Aqf4ybujoNjYUCUI=":{"valueMac":{"type":"Buffer","data":"h9RcN63W3rT1Wu95IMM1c9HIoIZzZjXMWUjBfh+lSng="}},"Ya3bRjodP1ZEMx14txXf6W2EFHMd3hcTf9HxqJ3jIk0=":{"valueMac":{"type":"Buffer","data":"5urCHhlzYa4HCiWT4qwDH4Yeqi6Gf1hQZhiwPkxdKMQ="}},"YjqPOUsGMEiqNtlJ8TCyRTab0YqcUuBL+U1mZIoNL7Q=":{"valueMac":{"type":"Buffer","data":"/XjU/atdQtewacloERvRsCRPAwApqst6ubLxGcIcn9o="}},"YrRbmy3hAjqyWR4V1mZtmPW4nsyIAX27rRnf3h/EPHY=":{"valueMac":{"type":"Buffer","data":"vndzAy2qBOq+UP6qhc1hKPBJNixDYw57/DIoIYHl6Ss="}},"YyQ1GVnuQIhcv4Mortc0VXUMV0k9c3alQab//DSANH8=":{"valueMac":{"type":"Buffer","data":"hipQjkF3gGTm/Xn2+BOXOyr+zJoUzX4tW8fDWpvDg/A="}},"Y0cMAjpFyce2vFl3SZ1aG8DFesv3Sz21NXGE1vqwP9A=":{"valueMac":{"type":"Buffer","data":"Swht3h/ZoyIJ+FyuuAUANQ+H8L5AdloNu9C8sWqWvTU="}},"Y041hcilQj1MKcGexYXCVxEF6n2WHy5tYYSGb/peRrk=":{"valueMac":{"type":"Buffer","data":"SyzGFqLLm6cdqbkgB9xO8R93UftFnSRC4xjMVfmYQcM="}},"Y3XDj6fTU590df8w5q1dDCoyAMF1XLOabuDKEWxmLfo=":{"valueMac":{"type":"Buffer","data":"I2Y8P6JIu7WM4AXOwWdZtoaDxNXX9eLTPQw3fprilhs="}},"Y4gfF+kj6ar3r2ExHsnncdJgUPXfbYJubgX5t6awpCM=":{"valueMac":{"type":"Buffer","data":"0m8vDxf5zjcO9dJ7QqQBxy+PZ35YU+x1yGPkEk+sqe4="}},"Y6hKj9840gOTjBTntaG3h7C1qWMj7pu8GbFn95rbl5Y=":{"valueMac":{"type":"Buffer","data":"G1nDXQ7BSrj2q8QDE3qxG5ClaicxdKkArCFE0tGboi0="}},"ZD9V2X63JJfXdP7WOgpDA6827Wj9Ep+wXdypB2vZK8c=":{"valueMac":{"type":"Buffer","data":"VkZJOY4eO4ZZfGrhZPxtsycucSpLh7x67ubOPxRVOj0="}},"ZSZubcBgzaqFPPS2jQzSNpdO2X4sWlzW4OGIu2gRtBs=":{"valueMac":{"type":"Buffer","data":"mtHDuAliAadVz0UsAI78VxCeCfr/CtdPOgAnRdXLQ38="}},"ZVHybZGeQJ0E37VD85p15onda8zB9LvhrxacD0MU+2I=":{"valueMac":{"type":"Buffer","data":"92tZdvGAjV/2CRGtvn2ZPggEXzSiSjpt9DME9HdJn5g="}},"ZW1oySh1vQLVYlrshIPtNM8Qrpn8SZzsdEjve6X3MUg=":{"valueMac":{"type":"Buffer","data":"I2Q+elM/MSMUiGbIkYpVhsftpoZ/2BCRUFJ12ACrPk8="}},"Zn0MiuPbeXlqdQlD4S9rX26y8aUI15ruMXzzZ54S7Jc=":{"valueMac":{"type":"Buffer","data":"0/vnPzLKiF5Tibwk4jBBDca5EXnm/TCY/wTVKOjj5yc="}},"ZqDPB/vn++/ie0dsnS9FUaGdt9EXYLl5y8vRRidYnmo=":{"valueMac":{"type":"Buffer","data":"JX4LCBtemNcJiBrTbk0IeKf4bk7CgjxyCHyMDncc3F0="}},"ZsPpYVBXKvHarPNunbzgi8Yi5ZQE37LGhNSX2BvORWE=":{"valueMac":{"type":"Buffer","data":"1muJwy0QHdaZ2EOkX4pSa8Fe/CpskXDvMfw143kKrhc="}},"ZwwWgZs7YtG0JmfVyiG+nlo0rsyoK/4t5t5/Fq0znoA=":{"valueMac":{"type":"Buffer","data":"feLd9BvVLaMvY4ptT1bMf57oPUgxY7sCzDmkFeHmsQ4="}},"Z1g9hA+SWTF/0YJXjjvRabNzRl7Bh6ixQBdSrw8CVv8=":{"valueMac":{"type":"Buffer","data":"8+Ma2Y1YSAaXu9aNhNF9l4/ZpQ+DAXZUO0ubG/x6JBU="}},"Z2l1KSIqolB/gfPtj2otVLvSvR23P1/3s/6aD2UMNDg=":{"valueMac":{"type":"Buffer","data":"eOnWUy6LasKGViEe2KPiPTampUDjiqSTUw2pqPW8pww="}},"Z72di5KfxnKvTUa39V8HopI6un9jldBfga/SyWRpAxk=":{"valueMac":{"type":"Buffer","data":"Hu8xXEDhnKEnY56yK+JsQQsgFBBSQovKQ2w+d7LoAVw="}},"Z+I4mRvTWOE7Icao59BOSiWt3GwFzK9f/AmVjpirjIY=":{"valueMac":{"type":"Buffer","data":"jXUuJ3YqY4kGzT52VsplpvTWANDgLUDL/79osH/PP4E="}},"Z/khuDzRn+d5FjC8wxcWljd2cPfLjZHCBrmtUpV2bOE=":{"valueMac":{"type":"Buffer","data":"0s6on/Q3EpfYx/Cf7Jo2FGTvBYQOQ1j9YXGiDu8qqFc="}},"aG/YGQJnEcGiUt2VXX/FzsRJ6fvewlYqFhw4wIOqt28=":{"valueMac":{"type":"Buffer","data":"hG5+XS+xXbFTWelN1jBMl/K3G6XmlBcfUsXq4Nlqa6Y="}},"aVH/KcxH264rJ70+fIO+IA3+Oj3edwn+MMs52bK1Lhs=":{"valueMac":{"type":"Buffer","data":"xnRrVs181U1fPb+Cucl5twkZ8K4VhTAY/ImmFo8dtFs="}},"aVuPvkI5CWtK3Lhxbd78sZqNTwnOCCJ/BWjnUZCGUrk=":{"valueMac":{"type":"Buffer","data":"EA27HmzJQYdfPZmGFZlGJI9MFsDIgjUTh43qTkxu5V4="}},"aXQqS0nIfKXSJ+ytVXvAsvdlXSPafEJPEMUluliwEmo=":{"valueMac":{"type":"Buffer","data":"4iqhNmORIZp688Gl9m8UHMc1vNSBFv7/ZMediNLgrMg="}},"adHFrBwFYpnEkUaLqH3FB5COy47HDcsrwdoKk2hnyeg=":{"valueMac":{"type":"Buffer","data":"0oNQDRvdbM8bynqjaJQuQ+2ir52duZbBV2YvAhfjIi8="}},"amAvFki3zxaCCfqT117ObiLnLcV3tB34UqvPJDtx2Dg=":{"valueMac":{"type":"Buffer","data":"lEpzr8zRskE5ZtnCDuqg/o6yYgQJCDSZtGeBag5Ongc="}},"axiRojRcTwYA47I99A8IEik/eheIzLWB4WklynaA8bY=":{"valueMac":{"type":"Buffer","data":"0iai9KJIZXP/3TJ8dKvujVhgisBIKSoUihCa0ElS/bg="}},"ayng4JimMba0SrFR2YpputD+jyubM8lnOQwNwi11pkQ=":{"valueMac":{"type":"Buffer","data":"i0idd0ZLivk23WamBP3H6q9P/O3kG+w6l+PEw/Q484U="}},"ay/v7Ex2dhDZPjBpPiOxOonssbyflqjuzB1Gm/K4SiM=":{"valueMac":{"type":"Buffer","data":"sMUvqaRBfiV8zJ+/ZfxKdU1bFXLOdoVit0TGniMHMbI="}},"a6KU/Dk/R/BwE5MjZTJgLin7sORc5Dd4UNoN5iHGR3Y=":{"valueMac":{"type":"Buffer","data":"kYJmQ1LGI6w0wenvc+d1yw51P5eBhgR2Rx8wSWMxyfw="}},"a/nY9UGfOlRJOD5dwOjVtKSCRqT9lBX/VcsTfwgxk7w=":{"valueMac":{"type":"Buffer","data":"6VprNSSgnpze57G/JkWnoE3eHT/cbeJErRINy219J+Q="}},"bASlXEQvpWButPGyFbzttk+0LWpqfJgv6Fgft3jhGeY=":{"valueMac":{"type":"Buffer","data":"dkfxBiv1oKuiGaQE0Sfh7ytn2ie27gae7Z62AKP+gqg="}},"bGHqcTTHvOJdJf64sVJFu/U/wP4v9G7ahbWztlal+cs=":{"valueMac":{"type":"Buffer","data":"RRBo17VTF31e+Bv0sTbjowFxlWhDsCa6dJRAStqcVuw="}},"bN1NB3U5ZqZ6zO6mn31lrp8j5GiO3EQCDlX66+tW+N8=":{"valueMac":{"type":"Buffer","data":"srXtndwsqz/oSSIro+tGlPsC4Jw8ndfF54UIXwRjBDI="}},"bONdFwNFDMhz/JvRXJkxukAbYecIL3S8lJIeCB24vKU=":{"valueMac":{"type":"Buffer","data":"cvBk8a0zHDKLa3VBOv6F3ktwJqcY9CmccMdp4MTQNz4="}},"bmVSmnDO0oTDqTtybgC8A5Dx/74xbjvrYg+YqtKMi4U=":{"valueMac":{"type":"Buffer","data":"RhbuFv2VHBX3isAGo9rJ1/v9/TMxJX1tybmv2zIFwJc="}},"bsZdWMgGtVp1CnyUQp6p5w4Ke/VZc9q0kLoFQW+NWDI=":{"valueMac":{"type":"Buffer","data":"86kC7Jknvd/OfyTmMHn5r3Pqw7s0I9eG/GW7RDETOIQ="}},"busGR2g/ciiunvwQHs4PvRlFwbdENnDJAwtiHWFwbJA=":{"valueMac":{"type":"Buffer","data":"efYOheEZ0m3E2D7G5dk78gGItzP0eLFIhJx41Iwlt+w="}},"bwhSJdx52hMy0gLjI38QYPRNCMceBMwh1q1AU2j427w=":{"valueMac":{"type":"Buffer","data":"lGx17ahZLXXPEKaj7yDJe7Mh5tFRDNJO1BF+EjK7x/4="}},"b3nF7IpByS+YA3+uJB1TNzGOHn2XGNX90b/8pTTgcA0=":{"valueMac":{"type":"Buffer","data":"T046HgttOed8NNG/kTIV0H4MR9+hnWeX+eltopwOxws="}},"b5hr5ddOqpyNKp6horTTGez3K/jHw3JG4Z+HSkLQYGw=":{"valueMac":{"type":"Buffer","data":"KiGoug49giV3CsLmnx9i54EgcErTgoDuSLc4+13qnlI="}},"b7U1dPksXzA/eP2pC1yjJGo9DT92MIDqnGv+5xHYMJw=":{"valueMac":{"type":"Buffer","data":"aMM8qNnughPipgUoHe7C3HRyLjd2uv+t18548PoYuDs="}},"cLDv+8l2+GSDJmzp01C/KJOXoVJeUgFMUatsRTEg0Zo=":{"valueMac":{"type":"Buffer","data":"Yiegv/Guklb3nvjw/+F/YJFJFItG5hq6LsVWihfK8gY="}},"cMOedybbn0t9cFDqbyysWWXjhztm5yaYUaiNOCerQBU=":{"valueMac":{"type":"Buffer","data":"8fTM9BUbWB35schEyP4gv8SrBUw4Xrh96HclzdC+dtI="}},"cMRXR6N+3/yE06ELQv9f9+gxw4kKecOlZJvFQh1KhOM=":{"valueMac":{"type":"Buffer","data":"xJ0so7p3XYxZsImWqhNJsX5NprcNWddwzghrc0dswwo="}},"cObaZbXLy/fUdOHZsX8/TYDeHJoRNjlmGy4kjp+Oz8Y=":{"valueMac":{"type":"Buffer","data":"nwtEuXvAav/grMqodqpTLHi4b0rs0TcS+fNA4WI5O0g="}},"cRe5P15knUgE1xrOOf1YmipIlJtBT3fB+UnGOPiY8dA=":{"valueMac":{"type":"Buffer","data":"aczdEsc6lucSM+eHOJh0ABj9RjE9pAfvXNbc4tw3yAw="}},"cXJIZH9eK6Xq2YybczpPy3It88kvs00hFK80xZEzyEw=":{"valueMac":{"type":"Buffer","data":"0QGKAsvENkT60Sy//soSTsgya0g521wNi+/o/LqWOPQ="}},"caQaCIpwqQgHKV35gHJ2f2X55oW3KpJSPTil+2Ryxzo=":{"valueMac":{"type":"Buffer","data":"0VoaTVoq4cAHlSX4/ZWuwV6mNYnySwu66yLEo59J6CI="}},"ca7mdoRF74vSz291bLfXqWWSGhmUqXp+oc6TI//ofHQ=":{"valueMac":{"type":"Buffer","data":"bv/M5tsOKkGUJaux8+3k7/o6Qu8ekYgNS4gYqOF+oz8="}},"cfw4+ZYkYMUszlwJiR8a4jPM8rjjv4xarb2jcrn7ocA=":{"valueMac":{"type":"Buffer","data":"Gm+MGScFptsryzCNOLL7Lkv0+Uy7XLzz9U20XOmjMUo="}},"ch2uoEmgJ+ZRyhr9jJAaYqb8cQeIph8RV2GP1lrHRK0=":{"valueMac":{"type":"Buffer","data":"+yQr2ahaBaeQaTWROhtAaqnwDpKcg063FFKsUorlROA="}},"cjCMgHdmQ/6e00OA9dkOXQn9wSFv0R1idjaRviIQ79I=":{"valueMac":{"type":"Buffer","data":"LqGJyyAz6xzOPkVz9gjSaOwRBp+kenA1G0akAqeCLNA="}},"cl0/wttkhclPly/QHb8n6lKbiE5Y1lwYEQJIKw9+ae4=":{"valueMac":{"type":"Buffer","data":"wQWtWqIemEQy1Sf/f0LOaxNm+Z6YVmJGAtWD6L245r4="}},"cr/RItYL7DmWi7Z5qBt46giGsu+aOAGY09unHmlEGTo=":{"valueMac":{"type":"Buffer","data":"UgZn/JFbQSw0SeGVGiE7hYUt9vPBMLcXOBj79YLO8to="}},"cu750H4Av5TsFUkWBLfXbZqU1t3eh71hb8tseJPFTJg=":{"valueMac":{"type":"Buffer","data":"Ya7yjyQ0OMq3lySME86vGyGPS/0XTrwzoaaBOjPCWv8="}},"cvjEo0TRRMjMl5XHhWdIyJzsQ+Fi0deaVP9E9topJAY=":{"valueMac":{"type":"Buffer","data":"6MrzXnFO+hbFbZzu6kFEnLQoaMnX8hvDGVbEBIevd4I="}},"cxYVHrublJTSgdKdRe9xl2sCd+KChrVl1zp76pXOKO0=":{"valueMac":{"type":"Buffer","data":"pwPJcMwXLU6dOgfNnfjo/Qj6bnhFiWQefBFOqIaYz+c="}},"c1Cc4415BEewE7uRkEwdcUV4agAiVBTqdl9BoyFjBjE=":{"valueMac":{"type":"Buffer","data":"dRgHLKSzxaSUhCyoQctvq605NB/Vef3G66qP7aF2XmI="}},"c94A7y2TlItVEp3hhJEG/0k/65y9/59FM8OcsP/qH3w=":{"valueMac":{"type":"Buffer","data":"9JdQbtzT/W0JnHHhAKKJXDi3kwktVtADzWyy9QZAQJM="}},"dD1yjnq4zYzu0GAGKo2XGS5E9EWwoFh8BrfWkSHHTRc=":{"valueMac":{"type":"Buffer","data":"hxrDyPUm+ME6SeLDCWks5VNj/t/RktHiIWU+QLagyJ0="}},"dIOSXPHcid/3KY8UEgWd2gA/lY7ziD14sclxTs7qWVI=":{"valueMac":{"type":"Buffer","data":"eKT8GSZ3o0VVe0KX3Te1ajyhKdEUif/SM59xEF1qMpw="}},"dYwOClxg2Y+Yyu1bODkZQuUsLSTbtI+w9rzmcPWBLkk=":{"valueMac":{"type":"Buffer","data":"kuROTQnF97BLicOAOFOSKvPfZ85Rw+iQu8fmY449Jlw="}},"db5BjhD7BKG1ExpEOFxjqetB1qUuFt3LJron7YBHKiI=":{"valueMac":{"type":"Buffer","data":"6aH4o4xY5jTYeQ7a87FDEgwrvt00MQTA3xWw8gjmcSY="}},"drLOMjqnjguk4TiRK9+1Theid6+yjF5B+wJ8NU+00Vs=":{"valueMac":{"type":"Buffer","data":"epwXExeiVbBC79P1e/U1BRadrF1KLVLB2cTpMuzrD9c="}},"dry+8ryoX+vA6Ye3F/AJ7dZ3Kg96SQK5oWG3WQ0ar3M=":{"valueMac":{"type":"Buffer","data":"+fBGaiaGlxPlGQVUdWO7Orok0INWKg9y3lFkuWCrmps="}},"duCQJkiMKLLF+95/G35cwWYay2Vqh7SGlHtvJ10aT/c=":{"valueMac":{"type":"Buffer","data":"Q+rLyWvi2J2hgZcn/kaSd97nG2l+iJsfHPLSQnQycqs="}},"dwWQJX87+sQXixY28AOIYi/HPHKREGxW0FIMddJqJgY=":{"valueMac":{"type":"Buffer","data":"as99vWjH47E81SaxG59fUF7nGbAgzdEglaj819ANfoU="}},"d1GN6C5AKaXCtq5AxmWUE3KdJqrcL+Y43vtvx79WEok=":{"valueMac":{"type":"Buffer","data":"rbwrPqNnEOmGxkVoSrw4owlB+YvrH0yuKa0YuBesL9g="}},"d3IP01ksSBytLcGUd7Bd4OdgJ2sAcfLzQZaD8q7jRt8=":{"valueMac":{"type":"Buffer","data":"HIRAfxIiebrF0pbDMOhmypPl5nDoVHrRRFalxFEx3kg="}},"d3KCtwkHqIa9FrsBWBLPrXGP/+tH7Y2X9khCsWfzNn4=":{"valueMac":{"type":"Buffer","data":"ZUeQaN3Js7/eD/uF62ygURkKI+TCSqNSSE4tiwMmhKw="}},"d6+jyVF4a3lk6T6DrrDlguwo2PpJSfS59rfrU3B4u/8=":{"valueMac":{"type":"Buffer","data":"5MZC3l46nkNwuYduXF5U8YgEWNf5pO7rV5nf8a/Lw0c="}},"d7SnTGJoY6RdS9SF61nRw4QVuUgVaPa3xoKxXONYFgI=":{"valueMac":{"type":"Buffer","data":"YJYXTJSPug9rP0XQvu2D29LDoAupDSQqfyiDc/LVXQc="}},"d+z8OUZ4iwm6l2jHZ9WnCxogTbi9JsYHeADYqcPAI/g=":{"valueMac":{"type":"Buffer","data":"3pVY/9ZuuOoeo0P5oXhZXlq5QEk7Wsk+hXpRQYr5BjA="}},"eD+3RYpVRPSjhEeX/7zJFz1qAcXm/6gA/p3ghQSXGEQ=":{"valueMac":{"type":"Buffer","data":"KQ081fkzDKQbOf5g7pO1wOXU/VdGOXVjnFkb62It/dk="}},"eHjNXPSnMyNdJJFWQ97RiWEM3Ph2ox0x2Y594OOsQrc=":{"valueMac":{"type":"Buffer","data":"N4JuOvibePZ+O71OyrBF99Wzybktn3PwfV5k/RftnIU="}},"eP4g5SWjyxJjeV1SQBUhf+8v7FFQSi+YoovNvt+2q0Y=":{"valueMac":{"type":"Buffer","data":"VaTlO7XG4aLGOxt2lxz373dwRUicFIrpWGoWBgDgqtw="}},"eVdKe+HZYIkSEKcfqTCwXBUKbn1V9MbQByaF3BsHQQM=":{"valueMac":{"type":"Buffer","data":"oFH5f46OhbgRWwwd3mP/yBBw7ReEx+E0r4OZHPrwsYo="}},"eXortZib7bSsuKzw6o71ezUfER/ZUAkLWKOqa41PnJA=":{"valueMac":{"type":"Buffer","data":"aeBtXpRKG4KMR14rWB+dyyBn/VKHL20Vr4dPikS/wtY="}},"eYtoo6wmwml4UhKnAicCXK/xx0J9x4Ecer8v43DznAg=":{"valueMac":{"type":"Buffer","data":"SW+LE1ustbFReAun3BH11gbTlCrAY5aAao8Xz1biJ3s="}},"ebKu5RcR/06NZrJnNhpdhPu8R0cXMM+4/5Vhvriio6w=":{"valueMac":{"type":"Buffer","data":"CSLd9kBq8CIxu8lOr6XQF/dN0ICaifzmass3G0RkXnc="}},"egolOQDhe45IBo51stgPAfdpluHpgRlDc0GObbRrko0=":{"valueMac":{"type":"Buffer","data":"aQusxsSm3CCUb77bcEvaAZp9W7Tjgf2RCspPf43HyTk="}},"e34ERXkgqt8ZJ8rsV5PSEjKY5iwCKqah7VA2G4hdFkY=":{"valueMac":{"type":"Buffer","data":"4EvLB11C1ky/jSK31N4wRjZKpE0b8Ve3NdtxUYGY4z0="}},"e4Z5gWBZO4nSrlNj8YX+VQ/KxEzuso0Lbl16mFZWmfY=":{"valueMac":{"type":"Buffer","data":"RvAQShK/iLU/CubLBrX3YgmvzjM8h37TcFdXGjk0M+E="}},"e6Bja9cD+Wx/689ty6689jbIRnPkGJfeGVOk2Qext+Y=":{"valueMac":{"type":"Buffer","data":"CsnyV9BDoz2vufDFXK3+obo6EfARk8UGi94J7ZwZEOw="}},"e6i5Nf46z9X76w55FUwemyQw2Amj5OCoh3AcLzuLv+4=":{"valueMac":{"type":"Buffer","data":"BtPeH+ZKMHRA6wK0PXm/vcpqIR/qN89/XeiqQ0GUBsI="}},"fAnHXwjwfN2uA9CgWuKGxWqk37kMWmQJ1KEPEeq7iKE=":{"valueMac":{"type":"Buffer","data":"yV/PpR2vlrw51SxMNlb6lhomJvXbzCQxhkfwYglpcYY="}},"fFeuQUyeYHQJqGnKwa3fVG9ABQ2ixx1IPDN2j5ukO8s=":{"valueMac":{"type":"Buffer","data":"lM+q3GQy+GsFuPlz2RTw9RzXnF1aIPwjWCvuggNm/Og="}},"fOqITLrMn680teScmtrpwheXg7+ErfdkL0cpx8tFX74=":{"valueMac":{"type":"Buffer","data":"12NA0hIuR5VXWzOc9yOYk+xkBZf5wkr1oIwGndckEWM="}},"fU0Lb8ZsJ+x3WnhKNvuTvH/W5DYPxsI3YOLR9ojOz14=":{"valueMac":{"type":"Buffer","data":"QKtmZFsztoer5wBAdbfhdEO6IbgAh4EAgs/jY3LLGWc="}},"fYSYVKLMpwsjXOGwOO6FuXCvAo5aF7T4811Cr73J+xY=":{"valueMac":{"type":"Buffer","data":"mIYMpv0Fvy7RYT3oNJj5FKFOJx5iImXOJhIiMmqnDj4="}},"fbDvaZqYZOsk8fQNcJuC21zjBCT6Xxxd20esAiHNVxs=":{"valueMac":{"type":"Buffer","data":"xNW6HffxoHigRFAQqA48L+NMgIHmY3qkgdKqCInk+88="}},"feAsiUmXoT3IX+OVf1uNqw5eSjg/xd/F3Ha29mvATwE=":{"valueMac":{"type":"Buffer","data":"L7LfdMhs6u2q8RxKxDV+xz61JGMPjo5z+CxRspAaIaw="}},"fgYJDkKSzAg2tdLS+fY1RJ+bTMdbWI4ojiI6LX35VRs=":{"valueMac":{"type":"Buffer","data":"ZEI544Utb2HhwS2SLebMzf2WFPrmez4knlpY9CTzd3Y="}},"fhOiaPpcMWy4Kz3SAaAn/z0bmyIDZH1lYVaParZId/4=":{"valueMac":{"type":"Buffer","data":"TlEZlThhx9XT/EgHVYVU4qrB3dxo9yznNIEapt8lp3A="}},"fkYuPsPatOXd0Bcz3kXUn8mgbr+5rgHIwcDgR+AYgeM=":{"valueMac":{"type":"Buffer","data":"92i2g77/pRWVJMLjM0J5NBlUCS40Rsi4pCv/Xccvhvw="}},"fotf0sxyyDOdzeZaIgwGm5b7+9xyjafMj41247dCM8M=":{"valueMac":{"type":"Buffer","data":"vkVY4IXdtb4WJ6GifgOM/udNEHadPmoh1qV1DPhqrVY="}},"fscroXaUGGfRaPtI8kF8SwfrrP9ho6RT/kxVb2BYiHs=":{"valueMac":{"type":"Buffer","data":"7NOntdVoYj/BLuPhjCAkk2PTz+wVueyzGSGYkxN8TTc="}},"fyIfj5p4bM2m//O+YodPedfEIkWNAXpue9nua/bJ700=":{"valueMac":{"type":"Buffer","data":"qziuRxlk2SqqFjnP1MvDJXVr5gtWq+rBnrvse6/MQF4="}},"fzIRV6M+ZWKO2swOlHi/8LpgHhFgCVJmtR73zXqZe4M=":{"valueMac":{"type":"Buffer","data":"EB56ivLwAykQyzH4USVKfXbc5bq9yh9WtS/+0hZg+ak="}},"f07FMK2SCeoJN1kVK4hfFf52bZzfSFCgFl/DigwnxtI=":{"valueMac":{"type":"Buffer","data":"iEVaZOqyltAS/sBJ2z7UaxAvwusWuqmppV0hvgDxoTs="}},"f3Mvqrg9SwYAPyi3dQjm3ua3ETD2BRHLxsF7du7dv9I=":{"valueMac":{"type":"Buffer","data":"TiYrL0Vzsz1zAUSDa8EdFjV+ehogBsrXyNfhc4W+II4="}},"f3/KH2XgqzB2SMDzxzxU6EAYv7EuILBjA87pcz6pVmM=":{"valueMac":{"type":"Buffer","data":"EGImSOWujBTFbz2JmAXlwig4kzYaE9kdxJTJDal9Z0s="}},"f8DtRRLRYotOmlRiixklSlhC7xC+ovzjCQSt7r18aDA=":{"valueMac":{"type":"Buffer","data":"BzESk0doGQXGW0p0a5OxbQrlZOoAWnbdq9wcCFctpzw="}},"gALxBBzAK9bwDxTak+W34BO1rXlYZUe3LNvo0LUKVdg=":{"valueMac":{"type":"Buffer","data":"mrUZRRO+RxsJcQRgJj5kLMgDiHhdA7m6d1JcdHBBC9U="}},"gDcCxqWNaqJihFSCuB+XQ9m/y1Fcw3axYhH1UvN+y0k=":{"valueMac":{"type":"Buffer","data":"Pk/OACNu3D+iO/S/9VrZnoCs0qbO7GcalOBLFQdU7p8="}},"gKVf5JoX9gaWfS+CuuZ4utGxpctxXRr3VBL8jV1X0wY=":{"valueMac":{"type":"Buffer","data":"TqpU85hcCXkpYtPVIqtACpV25SVkYp6elfKr01jNpcc="}},"gMEUd4t5SsoPgiMgHSyWCScSfy+IMyyympBiCXBamgE=":{"valueMac":{"type":"Buffer","data":"vMSHk9eWmnTvpulZizTZOu88/sxPBFDPuoNVbEnveTo="}},"gN0kfhzxxdnuhX14M56HXGIlICUw83O3IDsDSHKR8ZQ=":{"valueMac":{"type":"Buffer","data":"l6MOJl0GCOccb9sZevgpHGXGreUdXUIlBwYY9kPJ2Cw="}},"gVI1ZTZZTLBGCdKYZxW5fbcaPZcZe1kIQl3VNQ6+03A=":{"valueMac":{"type":"Buffer","data":"M1urgBEyvbQzAMNDZrIUmkXJ9I1C6afbttdXht1bBTs="}},"gbTHcmM4tHA+M+IhypMIHYA5aor15LIxzA7/ItRxKAE=":{"valueMac":{"type":"Buffer","data":"eCCnjcgoxVbCRNcQ44KIhQEuwbx/V29E18OMkk3Wrmg="}},"gk/xCfjLKOZHdCSgEvhvRiaktWK33r6XNE2owl87C0Y=":{"valueMac":{"type":"Buffer","data":"kL20J1o0gaK1rJ5P+h5bE7Cp5NtDUtDhnJirNUtMQB0="}},"gpLZkd5LQ2RLsLwzceK0m/tkj6C+qM/rt24FaQMp4w0=":{"valueMac":{"type":"Buffer","data":"JjxCEcm3NsOCueBu+dXlckuog8PPOBIhDBX4NJHj1P8="}},"gsM+hc/bLsbueZt3AxH9mHXeoKxpYf7v0c4g9u7l0bM=":{"valueMac":{"type":"Buffer","data":"if3mUNHnhq0LUfn0/3E5ZG7aQqyNBPn3PISJyrF7kGI="}},"guSeWzVoiCUwbmagfviZXe4R5fTD3040avQNRxQdnwU=":{"valueMac":{"type":"Buffer","data":"k/r/CTgAUcVHe0aE/aFVQy2z7tpLW8Nml6JXD1RfYIA="}},"gxaXgJeEFUn979pcBA3+tmP0jEE4DKI8QA0/56+6eSs=":{"valueMac":{"type":"Buffer","data":"RiG9DlqVtzCGkVc3OiSwwVCCh2l7f+tztbMvwxf7ai4="}},"g3x7vaBhAANu7bWrzGoDcXPVjRBM41hD52GR/X6qlKA=":{"valueMac":{"type":"Buffer","data":"pD7vgy3mZewhRLlZM4J+1yoblsRouNKmb4qPi/IjMLo="}},"hUPyK3wt5nLyJh4Z2/5rz8I/8hyv45+jxxRbxMg+v3c=":{"valueMac":{"type":"Buffer","data":"sXwUVgPF6i+K9tURd/NOwjVjRsAVY7he0uwB1ZxaRL0="}},"hY0x5X1cHeBX0ba3aZcn+EnIQPz6uz5Jk5edEJCiOxY=":{"valueMac":{"type":"Buffer","data":"kqlsLYjL8bo+roFfsPp4U2FVWAHjFtAhQmJ61Z5YkhE="}},"hhWh7mYeo/77xykkqNEVGEuvaznP+r6uVL9P2pXVAps=":{"valueMac":{"type":"Buffer","data":"QqJXb4Tpuoui02YITpeeZPou0KjBdd/rQV8bWgcvxa0="}},"hoz1thVTzbAMwa/s+om0kpF3sHPfZHdYYPjfjhQMZNM=":{"valueMac":{"type":"Buffer","data":"CONl51taXH09Xu8XGBcV3zA/LHS7r8AbU2SWEhPqBL8="}},"h08hwRE1G5HxN+0/OsH2f/OgHHQR9TPI6skONF0h+v0=":{"valueMac":{"type":"Buffer","data":"vPko+qQyyutvXkKy8zn52xb2JtMLJl1+xHdTIjdvWB0="}},"h9RLtS1guLxdQ6n3eJihc0TrcdWx0flhCSO8uKWx9/c=":{"valueMac":{"type":"Buffer","data":"D9nKj926HB+ht2nPJTsQFNiI5rmdhbxeLdUlcC3mPTY="}},"h901XbGSNurm1gnj5kEGyItmRVf7fmG0IExvY8htOus=":{"valueMac":{"type":"Buffer","data":"a4NpOZAt4oNm248wSjqPhN7RSVG++Nd1HVhPLJGokJg="}},"h/AHGJpYhXrO0OvxmPkEGpsugX9g+9eUKvvVghlLPDs=":{"valueMac":{"type":"Buffer","data":"Gb8acHicE64dR0TJsl+10WUQH5k1Kad+yEhbIMWMUgw="}},"iL/kyL75F9Vf9lx0r7Doz11d+QQLATrRTFcInbc5gHg=":{"valueMac":{"type":"Buffer","data":"Nlmc0mdhLLZ45LN1AgT5VGVzz0Y6U24p9fA8Iq6VMYI="}},"idFdk2Q/wv6DyDxGY4+9x0mjjplGWSwVYLlLd604NQc=":{"valueMac":{"type":"Buffer","data":"aILT8uo92+AZYBTxFNm2mpr/4Sw+mTziMk8lYdCokDI="}},"ieAtrMOG6kcqdwRxECVYYfF9edHnLGHQXjj1zOqrHQY=":{"valueMac":{"type":"Buffer","data":"ZQKN/M9XisOXxhf2LWepUuxxSi5sHEqCnENKGywwYIQ="}},"ih3lU/krY0NceI6OiL6YjIrsHAjnAgu+dTM09VYBPg0=":{"valueMac":{"type":"Buffer","data":"Oe+GmysGD6rQMjt3qgNjvMpVu0pN7yNYEqM6KZkLYs0="}},"iiiAGMwl4oOQ3JPCD9bhWqp7ZKN+hhgi3CpZyLFlb+U=":{"valueMac":{"type":"Buffer","data":"W2SvRm+MFZG/xQxL8wta0T80KivYcWcsYt7tP6Mqr8g="}},"iwf4rZ63gne+eVjmWkDKCTWLOt2pnRMtPXQTtU3vzrA=":{"valueMac":{"type":"Buffer","data":"two77Y9ZzUqF0r+09B9KMu019zzKt5OH4hkWOt54Wvg="}},"i4ZQZ8BlnezQWu7R05MjWr2b0AOSW7PhvXrX5Kjfa64=":{"valueMac":{"type":"Buffer","data":"QbEaifjUuCi5Su6zXlJOOZb4dxoEJv9bH73gh7wuNfE="}},"jHvdtY2+ocelSJuZgs1Mh8DN2ewsRLLuvleJY6l0j1A=":{"valueMac":{"type":"Buffer","data":"BO4+WIdO2I79xt21Ct+f6QozOLH8lYzROP2EPhT77uk="}},"jMUJhD5JH0CzZDENdW0uVaO9vPZlqJqeS0byb3MJhEA=":{"valueMac":{"type":"Buffer","data":"E42jXXpJ1Dr7SU8a5XFkjcxFLkqsi126hgvAZYtypfc="}},"jQbB7sk9Kao9T8YpGvdkDnrxnWIXccxn9CLPeF+IrtI=":{"valueMac":{"type":"Buffer","data":"dOxcIytvLdaqvqobM+VuyeSR9esG4c7DpGRTNjGHUfk="}},"jU0TO+MHYzijD1m+glEmp7Uz/sL5M9CFOaUukNhkE8A=":{"valueMac":{"type":"Buffer","data":"LgwG//oECwHgAf3Pf6SOBGXweNzi2ISSiTbbES+YhJc="}},"jdEl4TdN5+xzTNoQEWZyQ0PEbOp/sAvCLz+VFPKCcEY=":{"valueMac":{"type":"Buffer","data":"sVqcDOcOGTiLWFEQ7SbCSU29JrGsyLzQS5y6Hw3qfAg="}},"jdvlBXbMXQb7sl8BHKeoDRdpgRKE/TJoItQYs+gzKMQ=":{"valueMac":{"type":"Buffer","data":"h1TopNKJVKFe+qGRk+jpBIYPDB1ldw9S25dF/bsJS6k="}},"joRKpdByvQK4ZxYh0ecUlivsVJd17AZfoIBT9xTJEYM=":{"valueMac":{"type":"Buffer","data":"4CaKob/jQ+nHz1p9ysvszuR9KWfjdg5ZYVC/p3VpOTA="}},"jwOFyafIWlAP4kyyIx8pIqDKNBHG2CdPw6n/Elw1RQ8=":{"valueMac":{"type":"Buffer","data":"hI+AX/ij+nXRfPkz6u1PICKSczJ+/stYsQF9mWp1CCI="}},"jyuTqWvOTRwlfSAypmyzVrG/7OJRQvZrq8C3KnRvWcY=":{"valueMac":{"type":"Buffer","data":"CtNSnt5rR99sF5aggnmAGjyWu1uKitX2VsaauvOk0SY="}},"jza/FRRaUw7NgEaDtPGL/4b2QWwBb8YMLcS+vdV9tLs=":{"valueMac":{"type":"Buffer","data":"zK1ELFvH4T929yQeO8r94Cr1vohmMNN+h4TyvAEl32c="}},"j519kIbruIw2TvC8a88v5GqD93Lb+zL0Czlmf44OwNY=":{"valueMac":{"type":"Buffer","data":"DzbA+5yykshCt2k+BnYalgApw8bupU6zKjnUWQhH7Yw="}},"j9CCgf6pjjDGkvbVVdNtpuKn/oyg7ZEKcKh3/N/ph8w=":{"valueMac":{"type":"Buffer","data":"TKHqBUakg5ZHojWKB8KXP/Y4j86YC4J+YZ8ofMJcTVA="}},"j9evFdL2oqCZnpAtkZM1S2HB8Gw7aozMpBx/8RPO4w8=":{"valueMac":{"type":"Buffer","data":"TYpw0mB7vpFmR7vnyB8r/5NEYcuUm5JPmYW8Et4+G/o="}},"kH0TxYaTyn4VnWDBj7eW+jAdkvnoiItY9Duy4uqC6vs=":{"valueMac":{"type":"Buffer","data":"a7w0wXTbjg0gDhPtcEGeqKtkmKK89w0k4x6owZi3ZXc="}},"kcCIc0oUj3je9+ujJ+uxGbKvAWx78OY7KpknMUB5j1U=":{"valueMac":{"type":"Buffer","data":"Wqo4xZLCGo7aZBLrLWO5YGLENZ63YSulfO5CWfvkUtY="}},"kgf4dykOfqxN1s8s9EL9Aj6HM+PqjlZyQLNPb1KzqlE=":{"valueMac":{"type":"Buffer","data":"NB/+s7yR60HNmvDiJ+567/9CNPm2mkqykeOBrN4kITg="}},"kvLu1BsoAZO/BZftz74Hxlhqth1eqJR8G0KO6pIsS3A=":{"valueMac":{"type":"Buffer","data":"HHPcJY+BnrmLWXqJVLiOoCB5FyUhLkBl8S56U9clG+Q="}},"k6A7ADhBrDUfO0wjjzKqMuypcfgec7NJidEs2S+t9wc=":{"valueMac":{"type":"Buffer","data":"a/7NcfkeoUbQduh4qRSVxJ15dU8/kO8eWLdeB+sLh0M="}},"k8rWPFxa5UTsuiuj8sLiUx4qoT+6ghtaXt07PQXfGSY=":{"valueMac":{"type":"Buffer","data":"+lsaqfLEenLZCn61Qe4W09N5Xcz1VJKcUUbPLjOT2zo="}},"k/RM390w53fm+sx9x+e3wbA1hsd37Su4fvTHA/vwHmQ=":{"valueMac":{"type":"Buffer","data":"yP8x2lKBxXrkU8l5BJHtBVQahe2vf4/G9/6eWBmodRc="}},"lWyws0zOWgBBJQIhdWMjXKb95LU8ze37rL173QFyAWw=":{"valueMac":{"type":"Buffer","data":"6ms4BCK+zP8DI4WmijW2OfiQw9BzOrDJL1Lcu60qmpM="}},"lYru7g0MeueY1b3MQfEOMnSw6TgWxMF8tzWvYiPCBOk=":{"valueMac":{"type":"Buffer","data":"rY+BMIZyG1miYpGjj2S0sFr0UxScYAhw1m8LViuC+4Y="}},"lfSgxSwqYPoFZnJcDdoL2QeX2LNTMM7igumfua+mj9g=":{"valueMac":{"type":"Buffer","data":"BpOzfDqzKZ9LKR0M+dsZkycc4K235QGfj8JQXasodJ8="}},"lf02XAn5wtdjKimzpeX68NmhK4lHOBHcBwh0GRj+4YY=":{"valueMac":{"type":"Buffer","data":"QdGdLnV8AhUvjK+KCQsxq3t9nIBUXsTc+dnMKf5MW9E="}},"liCGAQXdngliX5fVUIxfg7z+Fd8InYmBjy4+sWNq03k=":{"valueMac":{"type":"Buffer","data":"P2ak5+JVaMGvqxvs+YkP507LMRH2H5m5y6dth0G+I3o="}},"lkUL0Qi5kvvQqzUJ+T8NgPA2ObcBOR258Th0iV01Kew=":{"valueMac":{"type":"Buffer","data":"WXHgweBlWG75vZr4/2nbgYt5V/G8/Tw6p9g/6H5l098="}},"lrCz4V4Ix+BK0eiN361kLYsOWdvUgb1WU5o+93ZJMFk=":{"valueMac":{"type":"Buffer","data":"RbWsJQdymZnxau824Lvwl+4l01XA3KeSHozzb2g9/Y8="}},"lr+V84LQvtNhrokOnolncYag7jzmnWJXrYkNVbxhJ1A=":{"valueMac":{"type":"Buffer","data":"hNTHm70N1+Y/g/+Y30LJB3Lr7sJ4fhZn6ock2Lm4EFY="}},"lxCISdITLCa99yeODrXS4GUFO1ZRI123paSMcmnIzCY=":{"valueMac":{"type":"Buffer","data":"WKX5FiNrqEgXnaxhj0BViot6apC4oqWEPdTlZkVpMxc="}},"l0jwHKGOoYnMK6iSVYc2kJ+Rx0RKaD6E2vUoq4mrCrc=":{"valueMac":{"type":"Buffer","data":"xqMHEW2TRCcwID1M3LD5egEUsmp+MHFnD8NhHB5OBsY="}},"l2l3URd0GrXdckmOz/3AzpLonTETsvk9u6nELtkf7nU=":{"valueMac":{"type":"Buffer","data":"kseNmN6qokbhCnA454+puOu2v8JQJ+ZRzbnh0MgPTiI="}},"l6xQzrGoppHgZE0rf+QSheUr5EHQX+n0vMAgTSEnKFM=":{"valueMac":{"type":"Buffer","data":"IrBDUkLEEnRYwv3q3EbRu2z2Sv/Pxc3mAfa0gRdlKzQ="}},"l7tXSDPDopJLF/5Vu7YJaTYlybjM1fCIlo2XV1hTj9c=":{"valueMac":{"type":"Buffer","data":"D05voI35vAPhpSFBVYCnSpDVlZajZ+UwVwKiYfzktgI="}},"mIo+R5SxyfmeLfx9hkLSK68O3V9Tu+fYLDNwusERDXc=":{"valueMac":{"type":"Buffer","data":"w5a0uaEOLGWiXRmsXlObmLjwqxRDDU4Gym7udDgzZiw="}},"mI/frby3At9/Fdr5LbAQhUhaVbiCRNPuelCfHS2hklg=":{"valueMac":{"type":"Buffer","data":"tkXAR8QZHReJ10PPdjk4Zh9QJMHGN5VgdHi2BY6iitE="}},"mKlmacHfWzVdH2XT9Rk6UuvputfnFQkDhBAQ55QxCdE=":{"valueMac":{"type":"Buffer","data":"GOXHhjOtc71SjxTQ9gMprUwHIeH3dN4PdOo+D1etmMU="}},"mUGRlc0vCrloX5/ju6Cur+7PgfZH0Y0/YSgZZZF+f9g=":{"valueMac":{"type":"Buffer","data":"IMOpWFXgjgdebfHvR2HkezTePl22P9t4+cmoDkWNqew="}},"mZB2l8u0u3/Ak0S2dCVo31n/mWioaWnHcPgyUMat2rI=":{"valueMac":{"type":"Buffer","data":"CqI3p1zMl6nzxwEB+wE+MTB4Y39qaespa4L4jHMtpI0="}},"mbb9fZhhEkTdTq7IoG0B/ihqsLFjlWM22+2D7bBmZ9Q=":{"valueMac":{"type":"Buffer","data":"xwX1I0KKJhDvRhY4+9dz9HzUX9tmX2BGeUmlv/2H5Og="}},"mcVzJ6tX6ZM/yF8iQJZ8l9yWTtdsmofncFYGdyM6xqk=":{"valueMac":{"type":"Buffer","data":"p2a+5ha1AZhlJhigMBbVhQCA+ErAoq5UKu74htCvr6A="}},"mgkCNZa2YJ7oDgscJd+6kxehDqsWlvpEaMjZxzogqh0=":{"valueMac":{"type":"Buffer","data":"S/WvLykme6yLXwUpZRAXLVqwPQcVQYzsvWbd7BFYtYQ="}},"mpB7pm4NMy4yE/Ucb+ZJpQKTZdc/GeXk8uV6ECf0rPQ=":{"valueMac":{"type":"Buffer","data":"nHLV6gcLCcYp5z/Ulu4DLKXpWH6u3NGG9nNeCILxMYA="}},"muFsiyKOpEqSgZ2u7+KlGcYNY6/sz38dEoncGw3VGQE=":{"valueMac":{"type":"Buffer","data":"gsGyyFKyTVkYTiI0qU8Gm8shiNwPER65DQf37BRvtv4="}},"nDVXsRPWf0Tb0mTVyPzUzzQnfLl5guJ9Trcc3QN3Fzo=":{"valueMac":{"type":"Buffer","data":"wiEdv+A9uiee/kSaOgw4UZ7OvuMdLyRnCVzuR4YwpBc="}},"nPm/K7L72g0U0QNTtxGYRXet21SwYDii0w7OYK4x7zI=":{"valueMac":{"type":"Buffer","data":"WGfhbqMhEVRrQhm5KX3fJZLbbj8TZ2on1MtHGQhze5E="}},"nRoSND4cA2v9ZDb7ijxfxXrOfNBNqViNgJGvdmh+EFI=":{"valueMac":{"type":"Buffer","data":"OxDU8Njk0p+HLbyfccUpLP9BAjX7cpsUPT8W+XotlpI="}},"nXSqjPLmQXDSuz/j6637iot9uCp2ihPWjVKFNGCcdnI=":{"valueMac":{"type":"Buffer","data":"2/iMMPQpvXW1l0rrJKCsikXsp54SCowxf6//bHi5UlI="}},"ndf2x3B0Lohjhm85zQEnMj/Tz/LzJP9NmbsMAsXll5g=":{"valueMac":{"type":"Buffer","data":"ynbxPmktLV5BmAMM4fP1L22wJVs8S2BpkzzXUMV5mBM="}},"nducwH9gz/d2NSS1wHlO1IX0kg6RrxAG4+P1C9HodBg=":{"valueMac":{"type":"Buffer","data":"U8IZT+rmt8Xn5FAMqSyLhkqSq5rjZJtWxku1rsHTUXU="}},"neOGkqP05VDAxzJr60FOsZcxxwj0luEmCdQzwIV3GG4=":{"valueMac":{"type":"Buffer","data":"g8Syky6jQZp1IAeAYs33XBIN2QtzfHSQcP6K0B7Vx0M="}},"nhmDxFQH/9cR9fIb0UUcbaRlxFuYGElIqa/SJpBFGMY=":{"valueMac":{"type":"Buffer","data":"ML8/5OYQADndWBCwEeB4cnzxGtlrwDRzf46iQu3BzV0="}},"nkbX9AtOoSPmEmXybtn/GrLp8E94qy7bSIZOx+Lxk6Y=":{"valueMac":{"type":"Buffer","data":"+K0cT0JFZWVcQDaBZIiW8K3+Ky4g3DT2aZQm7eE857k="}},"nl5xX9zrMPx8vIaqewzshBW128lf++Wt6qhfkBp5uxc=":{"valueMac":{"type":"Buffer","data":"KWZUkaB/3zw1wLiXqz3YuqrTOBIz4DpC10NAriwEy4I="}},"npao6C6N/KjNCiEK9hbvgYisPku3I5WFA8BB4LRQw54=":{"valueMac":{"type":"Buffer","data":"WNIjeQWJuGDJ4q4BRDGh6GvepCwJwv5QPVHi/PtSOt8="}},"oC4z49g8lRhav4eBRAWs77AZDqyiNslyuzhS7xKUnpM=":{"valueMac":{"type":"Buffer","data":"44LyL8iZhdazChTCIT2ypCOX/86J6VOQXIU73gqnnV4="}},"oIs8pc7hbgKglowlnluGHhzB7UGxs9QfVKA1uJCPv7o=":{"valueMac":{"type":"Buffer","data":"mF+hhTnKzz5DyEegVsBmANXUHSO8g7nGPs8sUqla6QY="}},"oMuG8BUlxSLK+k8m7DYMYpo6DKDuXCgQXDfsb4feoJI=":{"valueMac":{"type":"Buffer","data":"hQFPSrYY1t+mIXvRSZJhVHn3E7DhRMv/P4vEz6U9lSA="}},"oPwKLRdU2bcZEN10/irw2359XVrkPiAU2c4zwS0zUAs=":{"valueMac":{"type":"Buffer","data":"gcGPsqXB1FCJVdPbigFJmKAun0uAk/wPH1QwklCIUUw="}},"oQi98GSnffdR+MdkxB/CAkaDbqpdWXQWuDpIlse4tQk=":{"valueMac":{"type":"Buffer","data":"O8K75c28s0hEbedF+ecQXLYssce3WQdtYDEkCNlsnqo="}},"oRDUXcOMMoTxGiJ575VKIRvymqNj6eQzdJKG1YH9GOE=":{"valueMac":{"type":"Buffer","data":"XTYtW3Tizv+8IJjxoDGxxu7EATwDtmIxn7aale6rNMQ="}},"oXCyidCe310lFiiAXJJ4NABDIIMlTkg75qM6MpihTwE=":{"valueMac":{"type":"Buffer","data":"SIQV8ZZMRvS9JrZEgbAtvpBOoLsqzFkJRgJWJcrTPuU="}},"obq5OFD/QP4r6lYxGV0a46Jq8dbsKxd9L70EaCr+nxA=":{"valueMac":{"type":"Buffer","data":"WhFfotammeb3+7aHNLZufAaib0c1/K2O5zQQd8wN0a0="}},"odOznbsRwfmbRSBmtEz+wRTybwjlDq5PfNSii/Lrs0E=":{"valueMac":{"type":"Buffer","data":"DH78eIH7J4HakINOI6zWCCBpceETXbEkGVQfcDkwPzs="}},"oh/WNtv4B+zo01XxmhIImp0V93NTlugVVPcYkbdmt6Q=":{"valueMac":{"type":"Buffer","data":"zztXSYNyYxgLqT0IlwZobAxRAWi6ygbskip51f+ID1k="}},"ojnJl5uMs65WMTKDccRSniUpjbE5tIzVSkD6UJeIv7E=":{"valueMac":{"type":"Buffer","data":"B10D5nu/qxr/PNAbJ39r9e7KSyxb+LFBFLjfqrZHAy8="}},"otUEMVPmwEV/HGJ/JtYfLjAsXF86yJXimxTQa8vLlhc=":{"valueMac":{"type":"Buffer","data":"7XHLH9R6L6LDCme+uzMibeht5klmIy0vd326KQGRKjg="}},"otkMSV7FdLvALeOqRhZ6JhGjg5uJUaGdwtZTGiFxTHQ=":{"valueMac":{"type":"Buffer","data":"L87kBILgEDx3685rfE+8sskVH0occVLlq3qm+n2107k="}},"ov3+6JF0nX6lJ2Yvpyduk33YMjZFiONsbgze37PdXx4=":{"valueMac":{"type":"Buffer","data":"QG1dC4mjwfc9mUBrd8eOf7hmRD9vyCdLTdUAKmZXx/M="}},"o62trZOdAzR8I4ddvq1nQejP+8ZXCgXGbXuxaFxKs2Q=":{"valueMac":{"type":"Buffer","data":"s+mK1pOeKAvmTk1OfdiFHONC/1zKNJML0ibUbmUnEkU="}},"pHDDqxb7m8eRNva/KtDMb2SrUCyNPIH44Yp6eLQUvQg=":{"valueMac":{"type":"Buffer","data":"sL11sEL4Zoyitsgc+RJ4jVV4XIRzvMdebZwce8S2UgQ="}},"pQ5jJJX3oPdqEJEIndBJE4EWc+qEGPbHu6eZ2iXvTz4=":{"valueMac":{"type":"Buffer","data":"OfddB74juF8RePc98b1cMH/3H8pFk3hthMPcF9kosco="}},"pRb4hZchI8r1YJ+1u5vGntK5SlysB+kh9yhqG6S1GDc=":{"valueMac":{"type":"Buffer","data":"3luetJtA5vrG46SDZJUlW+e+6DiHlxJpEo292dQrFag="}},"pUqwYrh4gCh7eLuK7q8CRfE8s2khGEHnuUhK4ckaOfY=":{"valueMac":{"type":"Buffer","data":"TYrcDnFrO+OQpW0T/JFSL0rZ/H1T9HZBha/rVBDdbEM="}},"peD7z8cdVIQbFlOQ56hjJDv7sSsvNopC6A1d+lYa8zE=":{"valueMac":{"type":"Buffer","data":"OKlW3HUU3asUoOL+hghfJ71pWwDZsnwev9sQc2qpnxI="}},"pgcnqq6zxDL10frRhofsGDQBbRaAJ2IEnfxZhscxq+g=":{"valueMac":{"type":"Buffer","data":"8KBYnfbS4zE39Q/pvIn7Jcq2mU/EcutJVVcSMmkh+YM="}},"pri+QASQryNE12SZanO/PmCDk0LzgKP684lV2LctdzY=":{"valueMac":{"type":"Buffer","data":"ddUGBE5ThaGzzwk2vGE2Tt7CKEWwrxLkMTCM5V+lO6g="}},"ps7SaKD6iML6vJ96BWuk8HhoX93O2FMzsIAlXVigmcI=":{"valueMac":{"type":"Buffer","data":"2y0Yxj5ZRwmJacLOSCwRptPCNgoHc+BPD+eTRt0ppEY="}},"ptnJEN6Bufvj47mAmtwEMX2WZUKnjULvqh5gdTcye7c=":{"valueMac":{"type":"Buffer","data":"Lp8un9i0BMbDXfyoea46dJgv4stO97yXSuek+m/CoZ4="}},"pzVEhZ5B/8+ZgdxlP/f8hPJioVlTFX6tDX512DtiYxc=":{"valueMac":{"type":"Buffer","data":"sU3JoXqOcQkWBkKWvT70WTeKeeh3257JMjNpzaU02B8="}},"p1vck1Q8URlcpQwYE60ceNPPwFW1A7DS4fQFrlSsW8M=":{"valueMac":{"type":"Buffer","data":"KMQaCNpeKSPx17KajtbDHoojK28HK57b9YAtifM4I7g="}},"qFCtq6wH8n5TIz8vCbuxAs5yqQLlLEwlD7gUFzHf/Hg=":{"valueMac":{"type":"Buffer","data":"RNvkpQ6JIe5bC6ezBlCoBGG9FT50JADhRciA6f2ebMA="}},"qJFhQ5SVkWPdgkGQG5KTEAczF2QMrsOwTFugbHQd7OA=":{"valueMac":{"type":"Buffer","data":"Uuwrf4nz5Ghwbkvar5S/v58HVFgSVcdfe1tC+P2l0zo="}},"qJg+Ct8DTOAD9B1Cf3gyo2mr62dGHFQ9JAg+h4NgBkA=":{"valueMac":{"type":"Buffer","data":"dQxsPZzMujUOuW5qlbtgdTiGXKTLTgaWMuIVYtTRpsQ="}},"qMO810XaVqU8SGaMhJJvbkTfA+6IK8m7UhpnFygwf+k=":{"valueMac":{"type":"Buffer","data":"cAqIpCVkt1hUcWC5sQc53iD6o2t+3FqXHLMXTTBVw/s="}},"qYkxajfQoSenPQgPkH1Ta9VUYRsHaQM2Imh8Ibe74Is=":{"valueMac":{"type":"Buffer","data":"4nECnuCMzDSo4eyI6a0ytl9vzmec7XlpFBKGH5hHOho="}},"qak8zcgxCsAeHNSRQTtntFRWep0UKyb2H986aOeZuNs=":{"valueMac":{"type":"Buffer","data":"/5wcGFyZ6oAxQH+xZ4DWTUPfOEqTGcRnC37hgZ05s8k="}},"qgtAKrftjVmWGC1YlczcZf/z3KVqWb9ijx97quyt+ss=":{"valueMac":{"type":"Buffer","data":"WmJF6yavnp6XwmkBefs2k/Cee80G/3Y77UL20eIho6g="}},"qkiFCXLZMFiFM37ryls1q+my9Hs//lO3t10FYsFNG2o=":{"valueMac":{"type":"Buffer","data":"hHR6MOCkYqN2Ty8W3OrokhlflaKM5y2fpgF1fT1e1o4="}},"qtkOqCYbG5ELxh2GFIXo6CG5xRqTCnLj1QzQkbtSi0g=":{"valueMac":{"type":"Buffer","data":"VDC0HdPPXwhIpsFZYgYONZ+mFEE/fE3SMZz4yZZRTDs="}},"qzn4MKcgMtcz3Q3zDlP2jKd2UosBGxUT13Aaf1vPppQ=":{"valueMac":{"type":"Buffer","data":"Os1j6h6xgeRfnsN70n4d+AzC6rDKF9g6bgZRca2kLkA="}},"q7TNqJ6GazrC9MzQ4QuElfAX/xjZ5YjbPQCINd4CcbQ=":{"valueMac":{"type":"Buffer","data":"kH3MKRVNaloY7cgMRflXFjyiXTsVj1DTYUTkEiZIl6k="}},"rM71Y0XrVSIl5CYS/YcMPFLhDli5Zzp/lP+XE4IxGH0=":{"valueMac":{"type":"Buffer","data":"f/2pDd8uoZ9Va2q9+H6evHE3rj/9XHpXbAgF1NfWS1M="}},"rR1l72vAQzmNp+GWAv0BnJCt91yypuR6iwlNU+DirUs=":{"valueMac":{"type":"Buffer","data":"+Y22qAmHZyzMMEU82sJDIKd/ERQpt5QAforJlXUR/Sg="}},"rSOKQ/zz8m5eVR2ke9gMrS9JP9vlCtYHuaPKihKH7I0=":{"valueMac":{"type":"Buffer","data":"oHcCLzSCHKsPB25zJrD+lauYxwqkSUrCt3ncf0/n304="}},"rTT9+WZEyQY7zbcC34P+hRJS2/IVeRY9nBU3fZasHcE=":{"valueMac":{"type":"Buffer","data":"GfbXRS52kgO5Yvm2JUC70EDFZlGFdOshvUOh5LcTnf8="}},"rktLvBIlaKaiKd8d2EsaLjajghhqx6MUmeP0JSQtAZQ=":{"valueMac":{"type":"Buffer","data":"Ebp+z6aXmD2Bex1JAtSvPVfS7ZKP7xG7955mLz7RLNY="}},"rohxPcqgSl+oSExhkJyeh5dx+i5F5rFku/79MeQaEyw=":{"valueMac":{"type":"Buffer","data":"IUOEoVj4NJp6KdOBUp08B7jTR7gom4ctlKCq9Z4O6h8="}},"rqhCw8FIygp2G4HOVLXFkDrhwuOYpsEgrrURersOIjk=":{"valueMac":{"type":"Buffer","data":"CyfNuraMSjNORoRSAukcWCZ3jTZTtmk/Aw7TPZ3Tro8="}},"rx83V2ce1bG2SfbPriTQyZ12MIBcazREOSfcaJ6h80E=":{"valueMac":{"type":"Buffer","data":"W5pDGHDOkYnPq/oqxVy+q/TAODqXuq2vB0aSeLEG/HU="}},"r/QB5Vzn6fZOBMWYcBYTlbAG31XmbxvlZ5VC3JNCiJ4=":{"valueMac":{"type":"Buffer","data":"tl7S1wlJe3bpaI5sAJTcVQDSTDNHmhdxDjiWXP3QZak="}},"sCxFHCw9koGtUve0wElMUgon0cdpQub52nHq8osN5U8=":{"valueMac":{"type":"Buffer","data":"fMKM0bqLQMl3pEvTxnzjihFBnuQ95z3GMZ5jZBcb8rU="}},"sFfx8SikGFkn2OBwY8vo6MsN7F9nS0mQAtk/596x744=":{"valueMac":{"type":"Buffer","data":"qGtDP0GSf6UB48I82JrxVOHUIurzTlaoHddWUz2aQcY="}},"sSIh5BV3KfrRJ+raMh7NeJM/SDHrSYDJqA3vjTProec=":{"valueMac":{"type":"Buffer","data":"mV6o5r/NaBMeGKexZ3tLXWHhQ+QWlKgqQLnGDoIE5oI="}},"sSKA4WTKvSy0Wjj/nDTo1oDsy7aowvAXxPaW68I1ftQ=":{"valueMac":{"type":"Buffer","data":"Pe/y9EECPxYH/y+3anX3XxoHM8TEkiSaXqlcEH+mU1s="}},"sTjw2H1M2SCdPnx0wU2f2JB16Qo1IbVKcZrfWsoaOCQ=":{"valueMac":{"type":"Buffer","data":"2FN+PCI4MY6+hHPerH57jWFTu2DOm1ZdMtMeqDXJ3Xg="}},"sVHRi0hM1zdDDCrTw/0q8wZV90KjmeNrVKQyQqBO3Ug=":{"valueMac":{"type":"Buffer","data":"DLSdBxLR8zRZnRm9r6qjmElWxtmOnlI+XTM1fzUg0/U="}},"sY/vNs73wJxXxZDjTLd+JhNDDdbGfwicDU57okF+Neg=":{"valueMac":{"type":"Buffer","data":"CgXYHtEc0sot863Ag2i0alq811YLZO4nrue4SI6ipjk="}},"sZlpGOyhLlT/w1e8mb6vfT2K9FtrD5rGaQZn54rionk=":{"valueMac":{"type":"Buffer","data":"QEQLShgk8h7+yoe0i/9FQlv6SvRhue22mSVLXrkf9do="}},"scLvlN8uQIuwgeFaPocXuaVUHfSv5UnJytGFZn3O5Vw=":{"valueMac":{"type":"Buffer","data":"y45Az9XcgKG23tOO8k4oQuw4s5BIUhQ5Nbf1o6a4VRc="}},"sdEsNw9OHgLieJocLYywv6gV7ZW7PEQ4kuLlP4YOgjw=":{"valueMac":{"type":"Buffer","data":"8xe4pdEidO0PBcxZiI0P9qHoh+EqZMNwTOKuCRtMKf8="}},"seIVrNkafT6zObUg6oEqd+Z4BABTIH37zkkT3QkkpMY=":{"valueMac":{"type":"Buffer","data":"KRNIGcRiW1WPUdlh2VfAjJ49Bvxmj9WIpMIxLoJzto4="}},"so1r1ZUcqI5vW9Q1qK/8Or1pKWHTJjwWuanhrpdV/Yo=":{"valueMac":{"type":"Buffer","data":"AG99/KcerBZR52zLw+zvQwqfbtQXqznxBkvcqPZdihM="}},"spoHIxQ+D9f6vLespaYmr0kub83BTzDFjW+e/mLcmMs=":{"valueMac":{"type":"Buffer","data":"DVuZjipjQZswTBi+xBhg3tlKYpqSfjH+iIbGUlW2REk="}},"sxIgbozTasggjSkq9cQFsyXXxthW1AYce8bUG7GRsx8=":{"valueMac":{"type":"Buffer","data":"jre4NRzGRwnQ8k2sNDRRaPzlRFWM+ootd8K6W44gQMo="}},"syKrwj7Ptk2Kj6eng9RnIfZ6l2A6TZZGxXthGHx2nhE=":{"valueMac":{"type":"Buffer","data":"oBihEVFeXKHhz8mK64Y9OcgEpZxeWqqqu3c7rxBIaKE="}},"s+dGx9LYPXqr+xtnMTuzkEqErC0z00OfMDnBt4mnAmM=":{"valueMac":{"type":"Buffer","data":"wUL3X0kfsrxgwu8v7Dy/0S4oHqnwHyuWRBdv6J7tRtc="}},"tArr0a9wAskyVYNNkn5yhAhLXcczQpY9ffIjLvbsfmw=":{"valueMac":{"type":"Buffer","data":"1HXzNqYOdDktr2yrRbd3ir2gHJKFljzP0mC+HiAkFws="}},"tEsqfTL2Glq0HiSrixMtVb+KpLd++V1o2NNVl/bfi/k=":{"valueMac":{"type":"Buffer","data":"PSGns0b5BUAonjPqiQDrZQc0xXSP/ylHkuSyYzkhRVA="}},"tNolCvPVMub4uMBKyhsM/0J8P61yruj+Lw/pClJN2WI=":{"valueMac":{"type":"Buffer","data":"311GhuN4ILxzYv/llxM81Ixv3/SwqUns5ygb//BYLoY="}},"tZD1SxCEVn9gWX9J056ryV1tFxyuuzwF9gS0sk8vRRc=":{"valueMac":{"type":"Buffer","data":"13XuC2OW0bM4L5UAJDZ0nR2wYq/HG/4O3Tz2fl5eRnE="}},"tZKGsLjKczLctnIgi02cZ8dvrLNICdmzqNrrcS/Yyo0=":{"valueMac":{"type":"Buffer","data":"z64jKK4ec402EzRauy38CbMG+AUtOuneDHfjeiqwj/o="}},"tZuHf7LnJ5tfoZCQgdKtQBx2XXHWGCvvM3XQ6atdwEQ=":{"valueMac":{"type":"Buffer","data":"mK0Ydg8x0YwRliQxb248lhAjxsAsCwFLOnkk32Q6Zdg="}},"tdcBmAE8NGyIRzKV3W3Eqyn6ci0O8RCO/YQ6gm37j3Y=":{"valueMac":{"type":"Buffer","data":"HYuRZhBuBh6CI2Oi2H/eqq3H1yJPqh+6zoAOsnjojNU="}},"tjwGdFrXFdjYICL+4aZiDBzEGbXZ48RHP6BAk/51dOE=":{"valueMac":{"type":"Buffer","data":"j6UdSsqTHK6C8DmP4R6N+maDtIb1EhDdOBp+zwFQJSE="}},"tvWObqfT7cBOg8Bh5KlGdPD7AjEiZfZSeYNwZiC/guc=":{"valueMac":{"type":"Buffer","data":"ZKQqwB8qi0vyI4orshRup4i8CVsbN6LM2W/MCwSMcHA="}},"t+cYnfkUD4YjQ6GM8tpiwMWd2us3ksFLdYqrcO+84Qo=":{"valueMac":{"type":"Buffer","data":"ppaWX8YJS528Iz+dGbDqsK1K5yZzVnGs8foRmIlQB+M="}},"uBIKkmXvYBnCYhBSbTKHkUfYI4Esd3R0HLSskPrczs0=":{"valueMac":{"type":"Buffer","data":"2rKH7e3Blsi8m1qhbZw1gfFO8K5Tr5ARxypLzeClTRo="}},"uQJKW3sJrt/qa3zTY/ozmoF09NEl9x6pAN7RNmBH1fk=":{"valueMac":{"type":"Buffer","data":"gwk0UGRxfI9ZI/qHlhgoJmFp9lFcWy18fZsJBNWQ6NQ="}},"uYRQfiFVmeNfl+HG+ODazMu2N0N8K2RSF/hWWMAMVSw=":{"valueMac":{"type":"Buffer","data":"TV/8xCALoYy+dsfqTx/0uWJYkK09/3RBg5LTdcx7Z4A="}},"uajpb9bvGLX/W9SwKYGPm8B+vPmiWj8A+idgk+SmPK8=":{"valueMac":{"type":"Buffer","data":"QbfaivZ1GVZJQ5p6BPqU6HzcIki8Ag2ZWhkkmlWj+DI="}},"ukeyvAuHXMN8bOYZBAzaFYFJEW6bpPRGJl6IxOLc5KQ=":{"valueMac":{"type":"Buffer","data":"SX33rDEDvJ/d6jlXGZaJ6q3FXf6KGKSYE4VKtiDtuvg="}},"uk91qtnMVbwe4O2AiwqNiZFDUi7e0EK8pTIV/LvwQpc=":{"valueMac":{"type":"Buffer","data":"tRgmyWyuknPpb/pEG9VTcwQiiHRioCL++lK2wcMR7Lk="}},"ulMRozhgfZPqesvbP2UM2cUvYXvtPgAz3AhZDGLZV30=":{"valueMac":{"type":"Buffer","data":"NamaWAYtqcRMcwvbe41d7CT9BbsFHPGz3ZtLqZYxQaY="}},"unL34DwRtdeV61Z0jV3c8QRt/HKQzMJjXpOiHSbPZII=":{"valueMac":{"type":"Buffer","data":"6KmWXHOWOukUDKSdhadtFpllKbVpPTRM8Wyfik8gdNM="}},"ur1YcepCLb9VGXgDT84YfC2IdL+lm/fGNy47CwT6Czs=":{"valueMac":{"type":"Buffer","data":"avlSlWMTIT/xP9bm99ePCjRLc36ZN1cApFa3BolJnjU="}},"u4UDiUgXdMCTUk327zQbufJukYiuZ5GvBXbkvm65nLY=":{"valueMac":{"type":"Buffer","data":"ZFUdOJmEx9YSXwDlV5VEsc7I2tbFRzz3o2hbphGAiJA="}},"u7Oh/lZpd8Rg2lNJ+njCZRjt8IkpQhqKBikiL7FawDk=":{"valueMac":{"type":"Buffer","data":"ykLok6Y1EyCvHcpEE/Ba9NDyfrTafR8RlDA0/fVZHQQ="}},"vSRNGDHlljSAu/ENPa2m+0F3mJBJFCnOZzmagOuqiqs=":{"valueMac":{"type":"Buffer","data":"S0pbFEn/Ke4XOpDhqpjRUCEf+kjxV65KxNIclmt6DzQ="}},"vccsYLHJO6iJXTr2enPVYVQhJy2wRcMphHhfTrDVERk=":{"valueMac":{"type":"Buffer","data":"lgIhraHgTXxqS3GIIrBWEghr2W/kmpATGvnQbb4oD04="}},"vfqz0trOeiK8NwU0Ms7FhRtsFDEGHRSkqH3gywbXiiE=":{"valueMac":{"type":"Buffer","data":"ejhvwOHobx0u2LyIos8TbsInpwzRHDiI18Da8mqfdiQ="}},"v/nkcp6BTiNvTyvWhsCv+V0OCcdKyvzNlzGuNu2UHwg=":{"valueMac":{"type":"Buffer","data":"zTZsJ+i6C112LvYljzORHFk7RLGFxufNQmoohVqw3qg="}},"wQli/n2YgcLNVYkVcGJ+sLjMRldTstEALVn/BctrOWw=":{"valueMac":{"type":"Buffer","data":"rmt5BukeE8ZHY0rHabsnfcT8uViwNW8kmQohzoAlKfA="}},"wZMdfjmwmCPmTc+q69Fz0CZ5TvWGFfGpOStoZCaLnHQ=":{"valueMac":{"type":"Buffer","data":"Fq1q0IUPdFN9cElSGTCeu4pMWJ0TAuBAa4K5W9yWivM="}},"wurIcHE4rVUazaTN3FsXaVT6yahF7W7xUYzAs7ZUKvQ=":{"valueMac":{"type":"Buffer","data":"/xvSMSd4BYFZIhd1p6ZgTyGd+iGd6FW1qVussZyTjdw="}},"w0eusDiX/4L/cVzeLCTkcdPWMCvE7x8OTjYGsI6VfpY=":{"valueMac":{"type":"Buffer","data":"S9AZ1q5L47xJvAhs0aUaTuOr0/ovP8p3PrGC1TJliag="}},"xD7rRFyFThzwUaZxwWig/+MweGSeH8JGkrfj2pYnFbA=":{"valueMac":{"type":"Buffer","data":"F1OYHvTZmoqpOhwTHjDkTul0e+WHcN/4DITOww5N+Io="}},"xEeWdwTGFl5eKYSibHPHPHiYp/nNMNhbuIoxT6dLx5c=":{"valueMac":{"type":"Buffer","data":"urtbgcEpVMY0z/UxEIzdPdr1J5y/tsTx/Yf9zX671fQ="}},"xSI4pEGx4IJsHauEgGA6lD+YayDugiN/cb2lEX2diMc=":{"valueMac":{"type":"Buffer","data":"uKPLk3h3QrRUFlt3Cn7IBIQDDq2IW9BeBNtzkZ81PFM="}},"xUpd1jsUBFjAOLPSsA/1hKoZPiql6eEFq9fLeuIjuR0=":{"valueMac":{"type":"Buffer","data":"z+c5xUKNOWQvcZSkdtVV+1DbewFiTTQI1G8Dl6at0UM="}},"xVn9wCiZd7pccNI7yDrUjk20qKLbTRy+fHDgUk9khvk=":{"valueMac":{"type":"Buffer","data":"d7nsxTrnOCkaGnnw4WulAKOPfeg013kImYE7kmyZzo0="}},"xYmVxFQRMGHL8oPbedEKw5rfD1cG5m2AbzRhz7rdQQQ=":{"valueMac":{"type":"Buffer","data":"CR+SaR913Bvslt8Cta9yOqPRN9Iumk6WwK3k+fO4JoI="}},"xlYvABsc1+amzf7poCx63LMNR/azxNMSkA38FeEIDl8=":{"valueMac":{"type":"Buffer","data":"Oui6NRh6AGl+GzsXfaAJUehCAG9la7yODEIInyFagto="}},"xmPpA2XUe0ydG7lolIdYnkgbFIPY48r5EA82w+94Jy8=":{"valueMac":{"type":"Buffer","data":"EmR1R2TOIrb4lSJW24VJTWkrGnLPoI22IKV8seQiAks="}},"xqyYWQh9rbZW3VLW/zNrLr23EdBZ79pWysO9qP0k1NY=":{"valueMac":{"type":"Buffer","data":"/Dbpx6x3Y/qZCgkefWjDzXfrYDBWpV+ugouFTkAs1jI="}},"xw1RCYK+kc7dsPZecK7Z7yW7FZvmDxsAsDmYcbMlu8c=":{"valueMac":{"type":"Buffer","data":"IOFZtNtwCnHZh88umgrsGZNyQFOh092gFN9wbqsWF4U="}},"yALptpi3EYk/qSGGMp06zOEyrLuEggPtEz7DiCfsZf4=":{"valueMac":{"type":"Buffer","data":"aObuFvdEYD+noWzaL2xUes3uuDSvmTPJnC5xVmFaaSQ="}},"yEbVoijyPgyVDj2y37dPBcLs06lExaQ7lNnrHgx4lxo=":{"valueMac":{"type":"Buffer","data":"eVAxhS1/lKvvbyFEN+ECW7V2jNJEKxQNZC9McckF5Hk="}},"yFfxdhBLPR1EGCD+bnF8rRMnUFRKVmCMPWWbpPbB2+s=":{"valueMac":{"type":"Buffer","data":"K4pN7PCUtZlzZmkdfvVh4I93lAZnONuWbnUGOXOTv3I="}},"yHrsqQz4ZR6PxHEzzSgkdO4fM5cPLrUgpgSsCZPbm3I=":{"valueMac":{"type":"Buffer","data":"w0HP0UGe2c7A7CyzyoyVFYekBFPcHhG6z5nV4tLfJC8="}},"yI9vXJxGvtsx2NcY9rtoUFX+gVvzQPxpln8OwQaBqcw=":{"valueMac":{"type":"Buffer","data":"86M36XAALPGLb1qznQFxDbvK/PFfxLbmqrC/H7Va6Qs="}},"yM/4pt2ZMlxY9uxMp6sxlfwkBsJfG4IGkRNZlSdYQhU=":{"valueMac":{"type":"Buffer","data":"vc7RL4LCqNh3igpph2M+ccFf7MKrOiWYFtC689BYWv4="}},"yVkK2rdqJinkUZ3SXSSdSrbfQY10BTi7RhyvCoiAQ/M=":{"valueMac":{"type":"Buffer","data":"VXWQVu5k4XdLe/+HobOrL51JQxhUxj6gUWiCBy2iv4M="}},"yYqSCZ4SHMmsiEYC1mqetoVcf90qTDkE30N42emJeaw=":{"valueMac":{"type":"Buffer","data":"zTck2qmKBz/4tbRnQiZyVNOoO5ulEH8BHyYQTm8EHN0="}},"yim3gKgbQrAblB+SHcYJ0jOH6fhda4qe6xMPdqkSFlA=":{"valueMac":{"type":"Buffer","data":"XF6IZHyWG26UZT0xX4IHqR1Zt/dCzp+YXMnQs+g8CJw="}},"yrwcXUkMje4pbJLT+/4YiwiQv5BcyYPDYmB0tgm+u+M=":{"valueMac":{"type":"Buffer","data":"7O38OPv/cpvI1k2POwV239qBG2E0yccANSKYHYcMMuc="}},"y4rH6Byo95yU57KONYwbuJH6wpf7cKSJ59tz/rSBMVw=":{"valueMac":{"type":"Buffer","data":"o0jmOSf3oKsHlNWn8YYi9gREAAj7tk4lknPGyPkKgN8="}},"y6rZVuyUpBxxOZP5Zv70+KTOc687RIeUSFVyuD8D52c=":{"valueMac":{"type":"Buffer","data":"nYOIFXZ0uwhVOzKGnULBQpYI5MdEuUkmBsMD1PEuLSA="}},"zBNKTJ2khb/N5WRIXLJNvjmkYP7WShq96M9b810HO9U=":{"valueMac":{"type":"Buffer","data":"f9/ge4oHs7YLRCrfOJFykA9Q4YRPxPDScakvP2Dr1tc="}},"zJtq8C33hJGisDskOLTcpKghL4T7gORJH4oAxCaLXHU=":{"valueMac":{"type":"Buffer","data":"AweYMwGHXxrUNphc9L/2Os3y025pigngmaeVVyPY+A4="}},"zNp30QXlTHdrtqJ0CzU11Mn54fP05qzz7GoEYDGXGvM=":{"valueMac":{"type":"Buffer","data":"B0tp/0JVIOU3KugS0pLRCx+7kkegHJuT9IN7DeXl9/k="}},"zWmogRWgm6rwBXZbiH5bCqWVREDlg9x64Dx+i3CXJOA=":{"valueMac":{"type":"Buffer","data":"+io79TsQBACanzvD/bwZ4jGFrGu8jdq9pictfPveFwU="}},"zXEutz4JS8W4yLlu06eAaNhBlEUIUqhTJdvjFhoB9Pg=":{"valueMac":{"type":"Buffer","data":"vNGx3gHz9shUkvfbmUgXC170FfgvaHNfi8WixEReqvg="}},"zl5qptI+izu0itYwWBQ+jadd4tJ/UQbqWfFqEcVHIk4=":{"valueMac":{"type":"Buffer","data":"8GCfOtYvi2vHU3+FHF1Gdkmr4DRwHq2051pxn16sgPM="}},"zmWtHVfmKpGXgchcjY5gGRttPPHPWch9tlMupzD6zPM=":{"valueMac":{"type":"Buffer","data":"AC9uR9SDTy9x+HNgN9O+a+gaNzujG/BN1l80Sn/YbAo="}},"zvCcaMqzid1fD/l1su32t/KpE7WLTS9J71zyPdTpNaw=":{"valueMac":{"type":"Buffer","data":"3idz6+Cd11/b6fdvq9hHA32ggmQYFB8r+6jhmcDETeM="}},"z1QIQj8G12pFLcyODJ9+Mhe0S8JO/bZ7pjLRMIyyl14=":{"valueMac":{"type":"Buffer","data":"rCeXDf63x0tN3VyftxJfmuOJuIHM4Q6EOWJZJZ++IiY="}},"0H+xHn8jwdAxjylnLwq3n3qamDlFiEAbmBtUsyycY6M=":{"valueMac":{"type":"Buffer","data":"UHtzNnhNlY5TTVYM7YScBFA1l2uSLs5ARqUyDSA1n2M="}},"0YOrRYquBsk3J5dIJVGHyN8s3KZknYKIQB1wvMz5Vco=":{"valueMac":{"type":"Buffer","data":"WdWg7ZEHN6UVd4/QbvBuqgrqBb3e4a6+OW+hV1fsejI="}},"0lTRX7TsiWcDuqqhquiwHPn5ZoDTFqiEJGTEiVx8hlI=":{"valueMac":{"type":"Buffer","data":"IgMIQ03ddpj3nziQfBrLEGPCpH1LdKCxCR1XJ9V0UQM="}},"0ttC232YGoyf8IUS0sAql2UNtFxoyQMvRgM8PxBimaQ=":{"valueMac":{"type":"Buffer","data":"OAqtr0mxDK7rLiCGZVNeI8e4kjSamjQdQ9ooTUL1crI="}},"0vG39sYyS6myYWx7rK6Nj545kozJ8JXXP1UWMs3k3Po=":{"valueMac":{"type":"Buffer","data":"PjlGNVgWI0aYOwk3kMyH/82QFAZ824j5T1l2y+4xcY8="}},"0vJkZeSwY7Oyzoo14Hc4YlNPsmJcTyk3YLrbXPA/TeM=":{"valueMac":{"type":"Buffer","data":"KS5wspRYVbZKX9SW6cLzfvO7tPTy2qdJCZcpqreQB2I="}},"0vhFbjooLMzQYDhRATgDxKGYirGqyr0iau0zOaHnL6U=":{"valueMac":{"type":"Buffer","data":"KrqWP1gYmjBKrc5P1uEHJZ2Zz+tSHp2pGAB9j9Ca4vw="}},"0xDlfcTOXOnU6UNz3Rj3NHH+re/jc59OmmCECvr0p7I=":{"valueMac":{"type":"Buffer","data":"vDOpka2niKjG25UA0w3B7Z0bR+atZm906E1dJKOZzxk="}},"04mL/ooMTg01zUfS89vK94B4fpCIe5EKZu0giHf2JXo=":{"valueMac":{"type":"Buffer","data":"Dj0hFyyM11JzZwplGY0+p6zekOn55jp4rK5mGP3+7Lk="}},"1FyKMV9j/svGDJuzMwN1Pu76YYPrZ6w/T7dScxymz4E=":{"valueMac":{"type":"Buffer","data":"O4P4qR0wdU2zBYc/Cep5JN9UOdjF8wwH2RyHnsgrWXM="}},"1HQzzbxvnF8NBRq5eTrQMi0vprcQC43/jl+Etql/dvY=":{"valueMac":{"type":"Buffer","data":"PXuzSgymyabaUYQpZJr9o+xS+n4yMX0yJr4EDIjtid8="}},"1Yz7aOYHsRghZuiDwHY1QlNAGbpHMUJtcydn/1fCXkQ=":{"valueMac":{"type":"Buffer","data":"bSUemSxT82gBZJXiMK3N06At5nidjpDDXaH5m1H0yuM="}},"1nHJdKruXj5ZhqWaT5nS/8KxgD2VovAo4DG6O7YpwH4=":{"valueMac":{"type":"Buffer","data":"VRV4gEZacNcHhPMbwiPOEti4h9mgAX1qi6wO2tjomA4="}},"1spgtUQg4WW82LZ0Fc1TmXLsh3EkbqSgwfSrZkpNUu0=":{"valueMac":{"type":"Buffer","data":"dGdCxt4TWK1stmeN1RO0p+8zmcK4mZKOyFUzYaB+Rzs="}},"1zgbn8HA3DZnZaJYko29w2P5j4SI4/8ak2Md2KewTqw=":{"valueMac":{"type":"Buffer","data":"CZdUYpaYGsQxjkc/NARxYj2RtzxF+pTWzhXPOgvlbwU="}},"12SDi0qsX8GBx+QzFu56bbYFk+psnrshqBlVSeb+4Jk=":{"valueMac":{"type":"Buffer","data":"Sx91k8PaB7wS3a52D2yR/qUo7Y+GI8JPOTtLdYEwfDA="}},"181yNutDp2s1l7wDGxk7/UALqm7dNtcjMIPkrC5Wb0c=":{"valueMac":{"type":"Buffer","data":"vlK26EBnvIsaFscNIRamla30VM34U2QLRyoQlbXyRbo="}},"1/0Vr+HW/htrLwkKkvXzdfpLuXZIvJ1SNmaU2fJwv+I=":{"valueMac":{"type":"Buffer","data":"UJm1LLHV72CMAQmHbmrdB/gnihDOxhCCqc1s8ACibUs="}},"2BKSmZAWiC4dKdWuhIrRcoHdMJ4VD2YRjzHOfm5dmVs=":{"valueMac":{"type":"Buffer","data":"dJQdhar0tMIZ+j5kl9r4isyR9xoKkKWIcAgY5Dx9NOE="}},"2NPYhHS9NTCVSuztTSmE5egOn9xGqU0J+3rYZ6nPdiU=":{"valueMac":{"type":"Buffer","data":"TaCb1pC5w4dM5R4zxdX3MqZDBIvQENKsFWyKpPC9o/I="}},"2RbmpjqX0PQwikUPTKQhelx6FI7hUIfkNO5KFJBQeZI=":{"valueMac":{"type":"Buffer","data":"5QyfNp1HdD2ypmceDHkB7uo2xHmUn89vzqn8qkFwbT8="}},"2odJIki588jm23l+S8FP5j9ecihKETzLIQiMQ3/SlYg=":{"valueMac":{"type":"Buffer","data":"vxpYbYnHuiMncTSeicDQQuF+XJoPBjS1PZyCmRmJRQg="}},"2rUApLpHdCcaaHL49f9ecs7M55O2A70/j5c5/ILKKQI=":{"valueMac":{"type":"Buffer","data":"pMV4hQAgKq95C1UDxThHpBraPNZQBI7RUmQr1l0AY3w="}},"2r6FzpyfLJF+5g34Hbef86NQJ2xNK3tDSHypzWxuLCo=":{"valueMac":{"type":"Buffer","data":"MEi40qvdr/wgIZkXzOTmTF8qXTyOgVQ+zE+TKdpICck="}},"2y12EFyAscBngpfOWyHe/UH7tExiNqwvdjZPQk8wpcw=":{"valueMac":{"type":"Buffer","data":"GJqoLUNLM35P/0XFsMwzYthJt96P1jbnjO4mCfAJ9aw="}},"2z1ni6+BOP5YMmk3zP981yMMDuF4qmBaQ4Jl0QQH6+0=":{"valueMac":{"type":"Buffer","data":"wD/3sCUhy8k4SXUG35UtaygcFkCML5n9HNBnJwabJw0="}},"24P1f9f1OXSnD8ie/AmBqqtOpiU4zZiFnj0rg2EfgCA=":{"valueMac":{"type":"Buffer","data":"MV+a4D95hTLSHHkEbiAHw54azcxOSUfHIFD1fWxUhMU="}},"24ia4eb2LP/QpifJQQwJx+vCnuq8RqmjgP3Ad2jOFwA=":{"valueMac":{"type":"Buffer","data":"0nLgEZMBi9fEgaw9pbewpr1nwoiE1vVIIJiYHG8qt+w="}},"272OLfjnQBuSKCdqvkSU+mU4jEcXeaNnACErma/Pftc=":{"valueMac":{"type":"Buffer","data":"MGD4miNm8sg2Y9F3vcAQucaDtu88WYxHabWcjd5aE0o="}},"28A26dDrP0mtNTjk4iXo/b0Xu1tppk7NugFi2kJFQ1k=":{"valueMac":{"type":"Buffer","data":"eUgminNZlVPAbV++5uHppD0y2BtZIKV8YFM3GQ5mHsI="}},"3HJ+N8M82XXTbZe8Ykp9834RYUBUActfBtK08KqMnNc=":{"valueMac":{"type":"Buffer","data":"rj7hECzX+BjYmNkaHpjYyllNSR5f1O5ItrNAPvBGsYY="}},"3H9+mNGUsJzy3wboqZ86kZev+lQXl6c7WUwk3pvck90=":{"valueMac":{"type":"Buffer","data":"1RF6ZCL1neyTOb+XKQ38UrHx4tlnWaufoLDvDripAdk="}},"3TGezfZdQrRtMw0nVNp4Zyu4bOx3TEshczDGS4DpbcY=":{"valueMac":{"type":"Buffer","data":"4Z+rdPD6cSlOF5cLNeoC2ssjIeRR+xYbnlg5Zbny/j0="}},"3TffGt8voC8rDOt9u3PbAJlYStKbZk0Hm0tfmhn+8l0=":{"valueMac":{"type":"Buffer","data":"rzLfwr7ZPyTSHgsJEEYpBEMrLnQLD4tr2C/E/Tu7tkg="}},"3dezu9BNB6Dd5ZSK+DrwHzsO8CfwyekTqnbVVWVPpIU=":{"valueMac":{"type":"Buffer","data":"gr/CPeL2fI+DMU6PNa7yT7+e+qR/qEUMutUrwYb5FFI="}},"3eup7QWN6tFP6sQnywi7/vVuWf0p4GWwzdQw9rj2tKc=":{"valueMac":{"type":"Buffer","data":"HTarsohg9KOPnaj9rdk8kvAA++DBO2gnlPcO0n6WTRA="}},"3rc4Xa9wl87BfAUvdPinBtqcWfCxR0s90nUbLqmscR0=":{"valueMac":{"type":"Buffer","data":"HsJuFJPSaw4TM11X7mfdBeSjlsUsLOfLmIluLh/xMFk="}},"3wSfhgrHmVJwdlZvTg2JoktuLmosIyusnHTNkpu8Ze0=":{"valueMac":{"type":"Buffer","data":"CgKcCUqVHvOzpdpORiodzWmIKHUFnewUNZ4IKiYb8/c="}},"37L97LQNI5OiHrH+Q5+4UWkSj8CmI5Cp8JgrHK26EK8=":{"valueMac":{"type":"Buffer","data":"mcTV5jfpKCj9zQI7g33pwE4twfzTe0OTKKa9SeqL7cs="}},"38N3i34yPeXYVF3rKBdvugaeMXsJkd6URcM+yA7XOkY=":{"valueMac":{"type":"Buffer","data":"nEJ19/OUv8ym4bqtbcaXO6Kmg5x8chtTHeMV2tH+6Qs="}},"4Af+j/nI/tnLvwKMAmGkpo2u8blHsmULkU7lCzJliHQ=":{"valueMac":{"type":"Buffer","data":"94rJ31kh8h9hqJDxrUIZoBdXOB4Y40oLoG+4jEFBIrI="}},"4FRlgQm6kibbAACPa1Vqo3deCeAPB5bYiw8t4gQXFb8=":{"valueMac":{"type":"Buffer","data":"yC7oghXnrZewE44py9UY5+u3SO0a1Lgy/jyoAC6IXxM="}},"4Hd+g827Rt8koHHcLeam8qcErzllEsyI6vDYiO2y33o=":{"valueMac":{"type":"Buffer","data":"5YogvxbZ4/wPx6rOdM3ixjc3SIt44KQ71Oto/8EdW2w="}},"4Hv5SP3VnVuFV6i8KX2/PvrRec+xsULQFYzZWho7Wdw=":{"valueMac":{"type":"Buffer","data":"EKAPQez2YX89xYkW7yx5GFZF0ADY+7m/mwAuvQu66CA="}},"4IZo1lQ6woiCdBDY+70U87T0xTtCQItIp/YYp/cxGaY=":{"valueMac":{"type":"Buffer","data":"ALP88PmKkV83XbKbCL/PM5jSZX5Bg+T1cUDzoxUo9Kc="}},"4QiIIJJDUqNRkYUVaatjVaazE6RxKq1VcXPRZsyRWic=":{"valueMac":{"type":"Buffer","data":"ilrmJysUQuVJZMxvCiOTaoP3lSPMvA11CYxZAIdT3P0="}},"4XrKq3UuTE1VjZvrty7HmN1d5dwtfhI6ubhBOOOVN9w=":{"valueMac":{"type":"Buffer","data":"UYmzvyzfjeR7N+UkH9PrhwaeoVWJ2vJmb9UUM1UWeQk="}},"4fCFiU7vq189NYOadkZmaVhn/3GbcM32RIsY9UTq3yk=":{"valueMac":{"type":"Buffer","data":"aNb+ZN9b1Zmc9cegoLnNgz9aYDAVGcR01BEUc/9YF+8="}},"4gXjtDDk+1HuMNEA0i2ojUiUSegG+pokPNKU9ipr3Uc=":{"valueMac":{"type":"Buffer","data":"heb/aY3vc5UsYp4w9Bg/ZgVU9U9+gYP8qZ9eziX6Mg4="}},"4nD9GSdcJPgP701N21lHMReesdxQOyzHn6jPy/dLOC0=":{"valueMac":{"type":"Buffer","data":"aRflLEt1LlxSQ+wsExRqXToZEzZwPiBBjOMFqCBAO8w="}},"4rR9419/PGqDNTUbYcaKyuwnGNHn3W45xOZN5OXaa3w=":{"valueMac":{"type":"Buffer","data":"VJ5LPUA6jChYxyXuHJw0qz9SM36hXp4hS4yj+kY9QcM="}},"48WYVSEEPexR3CSqoF/6y6R50J41sVTVDbXupeNyoDo=":{"valueMac":{"type":"Buffer","data":"oWFO+DyTrY5TSZaO7DLOkTRwdWTgUnLH/holLu4SGwk="}},"5HlcoT3g1IIbPFfgw1rOSSSrRR5aj6Hf/BGKIC127Io=":{"valueMac":{"type":"Buffer","data":"XNwgKHeqiylcpazuRFkuDaqzwLA6d3zohfoc3mOLqNw="}},"5OKi5OzZv4R2LtdArLI1B4AGz5xknd07hImQGqMD9Mo=":{"valueMac":{"type":"Buffer","data":"b+3gkT+M2zuOv0dTCUkcOYE0fchRlwb02I9SFsBdPMQ="}},"5UpJbSpnfWY3VcQ6CkaUQn+x496rjxRI5c0YFib1f+0=":{"valueMac":{"type":"Buffer","data":"PSE+WGvy7rDzr784KpTV35qOdCdjaV6jF0+7kRCoAx0="}},"5V9rZqtZ/MZGYz7miadL+1YUKgdSssiaKpCYGMq4EtM=":{"valueMac":{"type":"Buffer","data":"cTz/9oKecVwiV8R5t4ljREag6NrQLlZF3UBfpsOYHpA="}},"5Wpde5TDbHYnuEqRtYBzBP95I71gYZgWvZfVomej80I=":{"valueMac":{"type":"Buffer","data":"kxgC/qUIhwuDCmNB4iQbWrycTMqLro4xFTo0n5fKtOQ="}},"5onfKd+Ctu+aHnuqXYMztz7Y3pbn22CkFk/Q/6ZwjU8=":{"valueMac":{"type":"Buffer","data":"l9GvkcnNLGDqjHNQHuqWyjQAWlcw/dER8pFLPGkb+mA="}},"5r/6ihu8uU2xg5d5PzegvcfHZED3qJKKwk08XoJ70Ug=":{"valueMac":{"type":"Buffer","data":"Vr/YrYGipRYlN/07IAxCMMta2KxlL8khYVEzqZJd8R8="}},"5sq1pzJygwSGkP4nK3ZsDnu18gSc7jHJM3q122mOzqQ=":{"valueMac":{"type":"Buffer","data":"Jh7AUJOyw7SRf7/v6KjUSGRTdgqOfL6XcbY1i+JYjts="}},"5vJeUAQi8SQYRXyA2DmBR8qYq0/Ouzrrf5UAynz6mgo=":{"valueMac":{"type":"Buffer","data":"d1i+FwM0X+13nYMBfvmNPEFfMEQxA1Yr+g2NaIyt9r8="}},"50JFKbvZQghWT1fMOa5i6BA7+GRB5i9r1BrzH0KS8Dg=":{"valueMac":{"type":"Buffer","data":"Vfp9FnHXNFJTxaPQ0IKZcNFZ3MhTm56TRHEDA8KLJzc="}},"52y3QOP3+kBwUFBT04WB/j8QiPqmECm/946JTx9FGB0=":{"valueMac":{"type":"Buffer","data":"Oxe6dr9J1PIIIKC5e8HIAUvfMQUIzpdxj+ZuZ2SroW0="}},"53sTk+VV/RpuGL5LzCkJYB4H4OqbT0eKRWjKqbTQgsU=":{"valueMac":{"type":"Buffer","data":"8RM8BGxtiKlg7+Rut9j11pSAJtiB3KAZH4whu/3s4lM="}},"56zulV6Oqp4OI2C7hnho9dVlF8/re7kXOE4yhTP5DAE=":{"valueMac":{"type":"Buffer","data":"BhktgiwFSNSeV8B+aMX3rc1Wu4f8qqEtwhzY8IjrTFI="}},"6BK0xIc/iSCx8J3ifhfMnX2Pej3rUvlJ++fr2d+P9eU=":{"valueMac":{"type":"Buffer","data":"wGgc1MO6J0tWV783Wk7GhQ+5z7zXYx4iMqLcj40ySZY="}},"6CFF+IyCIqq3wIGN0XPGVWdeFL4GURDkY/iNe95B5gg=":{"valueMac":{"type":"Buffer","data":"djzPmjyJSVdtD6Zr88H29em4d9x1N9AiqTf/GyVbH7I="}},"6Cof+NSyRQbKRnMDnbGBy0i4HZ/ItE1ziBUe2+DZSN0=":{"valueMac":{"type":"Buffer","data":"5dYx14uXLD9+huBk+bLCWiseVmY6+kO1S8nTF1rHUSc="}},"6H6zdoQlg9kGenyHxb4PB7bBseV4H4/gBdDd2oGjMEg=":{"valueMac":{"type":"Buffer","data":"K80zP7Abk+8SQILiyqkMuYfGPb3Zsq3Ds5242DztoF8="}},"6OzxtS3kFkUzEXRzVmCKx6N5x+PdDlkq5zc9E9ScIxg=":{"valueMac":{"type":"Buffer","data":"cnEQGI52A9yvmX+/as9MQAnZbrg++xR2EA2dZm+fQ3E="}},"6P6T3UzD/jyxIk9cXiI2b372e3LzOI6zcfstK+Bht+0=":{"valueMac":{"type":"Buffer","data":"PrIf6gTQx8gUBmFHLAk4KGReZcS4ysu+yguVnjat1ws="}},"6a9xBLiRyKDEE9ZnjYgPZKpKGOzWFUZGwj2skJM/oX8=":{"valueMac":{"type":"Buffer","data":"CkIMYvalHp8gvPll2b5atqHHskKPb0xTjmnnKSyITeI="}},"6ck3Yglwna6TvxnqcejP3qVz87ENZ9y1UeC2lSKcQS0=":{"valueMac":{"type":"Buffer","data":"asCnzgEFy/HRMzAEqDz1tNlXB4xXALO+y68pss7MrdI="}},"6zgKrZbY9oWmAJTCjdHPq0l5CIosHDCOVUrmDDSVDdo=":{"valueMac":{"type":"Buffer","data":"M0TcYoVSZNoqdwEJHZZU3NVWmsKIk+ZIOnUx78xbE+I="}},"67kMudqKnA2gn4wfT4zu3QjsUn27cgJAuMbNuSv8uRo=":{"valueMac":{"type":"Buffer","data":"A4m4BH4wil6pZ12Y02X/4NhRRiov4HcOJuiYovGwkIk="}},"7Amha0aF0krcMb7zzZlabxDbhvf1K9BLdRyKo0iSWIQ=":{"valueMac":{"type":"Buffer","data":"TxWkpVUl+6qsEQCakFDycJSdshZQl0HswpNYJFafitY="}},"7A3DSzUzKpjuulSKc3cpS8vppIPjbTOANLiXnoOqEok=":{"valueMac":{"type":"Buffer","data":"DIUECgzfxIf7rb0ZlFXJCJu7iqh+JeZaATNtpV0Yg78="}},"7RW6QVUu/B6pTMlqhadcpXQlCxHDEJnXX724HtvfUPk=":{"valueMac":{"type":"Buffer","data":"pLsvZzVl2egQbiprt1DHZD5XU/ZRtT6qqSL7pL84lmM="}},"7XRJz4SaDh4KAGrUhxCPC+xXu1SMaR43LKG4RcTQ48M=":{"valueMac":{"type":"Buffer","data":"kJBq5yjWVr0TnTo2Z8U9iAFrZ8K9zJmiJcNIXzA/iR8="}},"7b/otL7+Gs1kEpvdwo0yu8Y6LT69R+LlL0swPfjxSvg=":{"valueMac":{"type":"Buffer","data":"U9ERRAB0pKZ+LAfK1fgEwQw9c54NcRZ62p74Ra1mTGs="}},"7hV6hSxhV0IrW57xNEl/mK42pM36w+pHloFJgoyclxo=":{"valueMac":{"type":"Buffer","data":"P+NzVommTIljjksbSgeh7OeQbHNsnKlNj3wdkjvabGY="}},"7kSVmU/o8ZHnGuPJv/iND2JiFqlQSkV6lTcxO6+4AIo=":{"valueMac":{"type":"Buffer","data":"GkT5vjRUOMIN+UICYRvhTG608WS3/V/2Mr0CyK+2bbc="}},"7mBrZ3eFqEdBPX9wULXjnaOYkwLxRZ75p0SgBDuRbko=":{"valueMac":{"type":"Buffer","data":"eQ6XImTL18MgBzl+33Gg5gOIg3zmRJ7M39j8jjYBtWg="}},"7nBzvL0G+4kuaz/ByIwQkXyuXX+mvQut6wSUOikuZzU=":{"valueMac":{"type":"Buffer","data":"IVJ9CHxMv0TTc6xUZBSugKVhpPhRGUM2onXhrxSaY0I="}},"7pqlbcTrZ5Z8NnzKPBsqOkQ+yp9yo38OuQ+I/ce8PLg=":{"valueMac":{"type":"Buffer","data":"YAn5ijdrGYt5YbUjYPv85+fFWhLmra20CeOCVBvRhos="}},"7znX+JVkX0I4oGsG+mT93h46Yeq5HkulpuY+u3Gr6XA=":{"valueMac":{"type":"Buffer","data":"QM+45iGWs5Tg1l2fCcI2nWK39w+G3aZc1dahHSonmp0="}},"71b7ZiuQO/UUFYL2pRG95xYBcfq5pejgqlVtlviy1GM=":{"valueMac":{"type":"Buffer","data":"zXDAOMMctt+NxKuQZxbu9H2mOlINqnDmvcvDgKAecG8="}},"732M+Kv1ir6CcSVBh639b/qWihwYXFFQBp0BdD06Zzc=":{"valueMac":{"type":"Buffer","data":"WE5SgMk7xDNwu/GYl77GUuyADotOcv8WMw/eVBAgEuc="}},"74NfPeCCclIRx3tXjQgJP2/s8NCyk+/E1MJWQjwgCsw=":{"valueMac":{"type":"Buffer","data":"4hUQe+xiHVJDm3lAM8+Xr2TUSgPoxQ1SsFhY5Nj8Pk4="}},"7+3F0SKdxxNl6qAzvBuoe5p1+7Mng4yLcJNMRneBJx4=":{"valueMac":{"type":"Buffer","data":"rbffQeEZSObJWPBJbSL2Ahjmt6iNO8s3XHG8gNeinlE="}},"8AQPwFf5fM/4a9FhpGOz8lfgjvEF+LXEUozCn/wYOPw=":{"valueMac":{"type":"Buffer","data":"Bp1hCx+L2MbAEzxFWHGxaCN6d6N2R5vAn5TGHm8u0WA="}},"8C2ipGwxQTIxitugcs+qoAvTNe/ySMTu7EPkaXk5cCE=":{"valueMac":{"type":"Buffer","data":"a/2pecvlxq2orRUk95+0RZymVTBXx+qRxUcWqkT7cu0="}},"8JaJ9JWr6Bbolka/zDKFAiyiRGqA3zU1yVMrqyO+alU=":{"valueMac":{"type":"Buffer","data":"iR8DAfTWMy6VfR/cL0PIkeW9TNaNCyR6zu4F5WI+9Ls="}},"8Wy13cY2HclY+05U+YInWaEZ5vikmG1E4fPntM2vAmk=":{"valueMac":{"type":"Buffer","data":"VqW6ehW4mASwPd+Dx++cpLUWwl77Um8u4px1OTlv2Sc="}},"8Y9tBA7T6wweU5YKATnvZzmvhcjhLJ1Az4D3UnO0Rr4=":{"valueMac":{"type":"Buffer","data":"+ZKuEv7wiKmoChh6WJ+gsMJ7J4A+RS07+gWpKlAYLTI="}},"8Zl9ZkieD2qcOJ9BfteoUB2jjUBvI/uqpwvPaUi+3uY=":{"valueMac":{"type":"Buffer","data":"bVNIQz9cZwrc3piufZIHzxRbwZZSKiy1w3TEvceKQOE="}},"8dzXrmmoTXnQV1d2uqUIJ6pzZ57zilUEsKjriE+fALw=":{"valueMac":{"type":"Buffer","data":"gSnjr0UCvHtnL1XFVAMvCd+KG0P7UlXu38mvDSG5x2o="}},"8mTaaci60VW+tiJ59vKnsAekOg8GPsVV7n93bW8ZEHY=":{"valueMac":{"type":"Buffer","data":"rBq8XTcGwLDDqfvN5K/q9dg9bRK0VS5AvceWJq+T8UY="}},"8o+c6JmTyzTrZlORFS3Sl1Gp8G2e1cJvSZxU4wCiZ2k=":{"valueMac":{"type":"Buffer","data":"Usue5sQRlR1dLhWIhYFkV9Z302CwTqiEeZcS3jW51xM="}},"8u7Ap8HafzsWFir+A221N/TQj7AJljFT19fW2QDGDYE=":{"valueMac":{"type":"Buffer","data":"Rj/bl+du8drONbIlln/vKd4B65B39t0uMom6C//m4/c="}},"8vo+f1WGW2C58z0pr5GgdodR4tLkb8i2ZGLkLiUTSvw=":{"valueMac":{"type":"Buffer","data":"OVCbZ7qST3c6K8Q+snzyaBojj+ij4n0zRNiJC327nS8="}},"82l3zw96wo1oZit8jc/AbAhK1j75XBTD2+yiMGyuEb4=":{"valueMac":{"type":"Buffer","data":"AjeYcTwuACRxwiaqt1JDmKuoHJKc1MmQxUCMhF0/uY0="}},"9Hbvip3Ios2gC532HWHOxcZAJhdsrLHnJ/ETqD974uY=":{"valueMac":{"type":"Buffer","data":"WfXMff2+PeYiwkVJ2Vt1mI80BXzjJxsAKSYQ4rolpsw="}},"9LtZ4ZAShQfTHT19r7nQQOvOslT4j/BwC7BK5t2BZMc=":{"valueMac":{"type":"Buffer","data":"RUUkyThxpC6e8T68+4JOrN8phLsq6ko3/nDZbb/y7IA="}},"9N9GCnPjtesprCCRP7xiNOOh/snoxnSZihy+4jOPJ1Y=":{"valueMac":{"type":"Buffer","data":"rfpRF8v158xHI6CZyMIz3E7WyxzU+ylVjYN0gCs5u9Q="}},"9Uoioi8V9F6rrsCT1BVNnO5qgIDpnTPYXLcWA7X+AFU=":{"valueMac":{"type":"Buffer","data":"07+z2q+6OU96b1yZC98LuBj3glHq1zPqX/0TQq2ZhKY="}},"9WGj6KZaGgUdF0rOOSfrnsGYjGIiMixDXjgJ8jJ74iY=":{"valueMac":{"type":"Buffer","data":"/L27bfC+ME830ct8EvDdK9pI4vg0ji+747I0CvK6p5c="}},"9XBMbQuocrBc2qK34Im/NJeXrmvaHmNXabW+kJYP5Uc=":{"valueMac":{"type":"Buffer","data":"KG5CvS3KcRyeOZcnVWI9dj4ndeVGzzvejJjpU2WV8MI="}},"9ZDSVdWK2ohdMwhB6PAl7xOtbTLxzg4SZ4KotxTC8HE=":{"valueMac":{"type":"Buffer","data":"BgrUoKuwiGeOebGgtRFPB9Yt1wVoR4WDTwl7gqq44bE="}},"9aJxLzaeBnlIb3ZiUI4De96KikSRKBKV4c0U0Sgcfwg=":{"valueMac":{"type":"Buffer","data":"CY4YVNU0WKuzNIGG6BJgbTa+67/CDRRa7wRGJJvfAO4="}},"9caOgs9j+KlEvq1DdrINKIb9htqhP+TsJKOF1fFUQpE=":{"valueMac":{"type":"Buffer","data":"OXPyNd5xW/NsoUH3Uv5FTT+ZB28K3bs+/jS4MwADv8U="}},"9fhVSCF+8K9jkOnE3vfL/N67lhJLZxscnKkC5pExZME=":{"valueMac":{"type":"Buffer","data":"pjFKrgWGB6R7kpuiCO4WYvQmImSjqwp07KTrD+STM/I="}},"9hLKTgSoUR/AoSKXhur9r1s4so4B4QlxWCigHaJOVMg=":{"valueMac":{"type":"Buffer","data":"CMoVF/KigU/u4fcs3CvdlSzy8OmKJdCiiKIXbqnsJqg="}},"9pmdnZx/s2d/1II45fCv8PkWrettyaxnVySBaqTIr5M=":{"valueMac":{"type":"Buffer","data":"VM+B+vlqlM0+R+LN+WCiu4mxeccml2SuDoRGIYtdzS8="}},"9xQWWUTcBcUBt24dvSDuhyS/wOhQmsYilN+Xpu7i44c=":{"valueMac":{"type":"Buffer","data":"fYaoCkzkyWC6tAwxoySum/JH9mwRRFqhacWibiqk06Y="}},"92kSlQiM9JcxHsnRoMbo9cW68S9A865RiwgPl/hJDOY=":{"valueMac":{"type":"Buffer","data":"PHv75C0fG49lZfXXxaEK/m9zJgED1ToPvym0oGPXj/4="}},"+BdJ530x/VcYEt2vaDJwUVPwagFl0yYFUnk7mMNAcvU=":{"valueMac":{"type":"Buffer","data":"8GqgnaCaarwmMF18fN5Z24nZR/BGmAcllpzeGLU9m6k="}},"+LzCSYW3I9vJyAVkjYsNgg2V1Plyvj/AQkEu1xMGCco=":{"valueMac":{"type":"Buffer","data":"tP3GspRkQItw2Gdee3zq4Ll0VuaTTQSIIwQz7xIeNMM="}},"+MqAcG93IucdLZxFMRcOK/bnQczA4vbFvnJ+VoyxF2I=":{"valueMac":{"type":"Buffer","data":"YRCEs/sN+V+xFnaaE8hNpXpaWiG28c7kYfd81vGbfSk="}},"+NJPVHT2MibZSV7USw6lJhBOHb5RcTCFevp87LU9Faw=":{"valueMac":{"type":"Buffer","data":"AcR0fc0harkKgjQybocoQ2Vps4/YR+xgpkfYy/SLPuU="}},"+QFrDluzKvZyFfwD6bCucIBQmUCmutBDdnjxwm3PhHI=":{"valueMac":{"type":"Buffer","data":"E7scxBAgaAvEiTm/zwH0GlS5RAfFhEh/FPGlOU4ZqI8="}},"+QnaM/wWCp9CrU8iZCCpHJcnYnSOW9fjj6QjlLiuT1o=":{"valueMac":{"type":"Buffer","data":"U1qSuZN9geTn4XUgtmy77AOQV3FLnKHUlSQMqyityrI="}},"+Uv9Oob+L8g1uOs1Xe7R4Uz/mBNabLHBltTTpWiZD2A=":{"valueMac":{"type":"Buffer","data":"8SAFB5xYmGLjsonEdOT7Qg80yerKveoeVe6KK2SH/Gw="}},"+ZvcRI6hx9tSjLc2se5zUPpaEVkgYvIBahNnjNOTyxQ=":{"valueMac":{"type":"Buffer","data":"LFxleMfDLdC6Rq8j0J8mGfB4KWD3Z2rNAb4AV9oreG0="}},"+an+aD0u2yLYbShL2HoDMenoOb3F3P2W6y8Yd1dA7Ic=":{"valueMac":{"type":"Buffer","data":"4CiSADXK0y1Bl1nQENMzP33l6ouX+SYiq9OvcK2thj0="}},"+cEywRc2veC7SQV9aOii+o/VaSidjmENZvYpYREMNS4=":{"valueMac":{"type":"Buffer","data":"K3imJIPcI0FSfAFFkz9MEurG0oIAUfKgryyOReMs9bo="}},"+e0QDgAaGriR4Rs9J3ha97TQh2dBdRiuQesuC7zyYcg=":{"valueMac":{"type":"Buffer","data":"R0dlcxaIpRoV/vlLNn39Nl8pQqPoAXGEV6sJofPSw30="}},"+iFSncDEnrEtwIZdXCKnEgfdKXLtdbGZqpaiFpjFL00=":{"valueMac":{"type":"Buffer","data":"3wetFRaUJvEZP9pKDEvkpxj/KJhy6ICXKRCiC1fzrQw="}},"+sOEjq5tPF3jmoppAH7+pfJVOwqFuleGQdc68CTBpI4=":{"valueMac":{"type":"Buffer","data":"IFYk9AkXzLdaoT46tTFV1b9/lS2G+i3xUxh0bnmmjEU="}},"+z7S8sqgwmLOU2UHWrybkW1umD2Gt5S84SnxdEumhfc=":{"valueMac":{"type":"Buffer","data":"JupIhY3wVqn3qOmenwwDYOpvdLJCoGlXjRPxvlPi3f8="}},"+43YEUC/h19x41yt4cYY1Lx/2Sq0x0LCEYV9zYd6xMg=":{"valueMac":{"type":"Buffer","data":"+GOj6d8bm7RraOiFcaf248p0G+DYFAb+5k+jP+hcfhU="}},"/DS/qnyVFy3w6a0Yqm14Rj3CxboroTg7vtYpY0IRFvs=":{"valueMac":{"type":"Buffer","data":"23GIw4OYBcW92yrQfaXGueSH6zJIzlKXIR03IMowh5I="}},"/EIo1dtggf1VqLCvkKqRlgjv5rXtqr2OoOvbv9Dk5iI=":{"valueMac":{"type":"Buffer","data":"Irnhmkkh5pV6V7tT3/SW9yZGfUFbWrERg6QxyGRYkII="}},"/FKXCk96Qz9o5S0+fQkICmH9dzP+TuNzx4r2nkCzcZs=":{"valueMac":{"type":"Buffer","data":"6fe0IV1hr1oe3zQyMs3QBVZ2Gbym9TM0JQ89zAxuQvs="}},"/N3v/nk+UKvw5uoERvAS20NaWpCjlUIZ5Pb7zO0ON+s=":{"valueMac":{"type":"Buffer","data":"4PjPXqjaCZ1PzA/l3tSYdaP4usMwEoB1nSamoX/6smc="}},"/Po7bjEwirDu7dgQPtCkZnpIdVJRKXCjzyjaNEE9z08=":{"valueMac":{"type":"Buffer","data":"jjLf2rIL2y0mYDQPHYDBrvRt88Xh4owDnkkdUxzukYU="}},"/U1/7GVrfIOa2UXV0Cwz/XHF9CZyE9VtTP57zgNHDLA=":{"valueMac":{"type":"Buffer","data":"rKvyrw3fR+FotS3q6nD6LIUsdv6/u+2cEXDY2ZwOl+Q="}},"/b+OpT7ko0IlrSkX7Qsl7GsWH361xIf7HgAaofasXrI=":{"valueMac":{"type":"Buffer","data":"BS9RcQEHSIrqrsmv0Z4tzeh5pajn/kCLZCg1Fu4F3Js="}},"/uNwnTxMP/OTwmqUSrioXc7mcEpwrWL6RER0k+aq2vE=":{"valueMac":{"type":"Buffer","data":"BcKCGN1I30oQpEHhM3Wo8res+x2cmWSCfa/GgzDALDw="}},"/yUbTYnV+GC8RGMZQAMW+ga/43ZDE0NyUiri+hIrMNE=":{"valueMac":{"type":"Buffer","data":"D8yMi0B344w76/kWpOxBsaiZJ7JGhCLQDD81Rs+PLtA="}},"/0FUZS4VUEQQ+HZwfRDV+vNtlraZAjkGmmGoacIqYNA=":{"valueMac":{"type":"Buffer","data":"sxdwkOlh5USoZb3DWF0VHDBDdzrtrMuICKTnh0t6sQ8="}},"/0PvmdWNgHN+BiN6wWpFC1gKEWzRw+SPvTyeYR2hkqg=":{"valueMac":{"type":"Buffer","data":"5a9SbSpsWtC8312bdclAfsWHQkhRl7tuKb0FUdRHMBg="}},"TW9qThMfutAz59/kWmBEzsv9wsYq+qbAIMAdB65UZDw=":{"valueMac":{"type":"Buffer","data":"cTMicdVjCpilYMkrbRrgenm6ktrAvC7AdCgmR9lBXk0="}}}}