{"noiseKey":{"private":{"type":"Buffer","data":"+OtsCetbbz541pgR4wSG5QJH39dTfcf+LKgEWnmnH1o="},"public":{"type":"Buffer","data":"bgZzI89uPqaKy940zqKkrI/cnsPuEgnk3On2mWPKgG4="}},"pairingEphemeralKeyPair":{"private":{"type":"Buffer","data":"2FGH8PkxPZOpbg8B4JZu7mcouEgiMNhEXb/t9hQw4Ho="},"public":{"type":"Buffer","data":"IWS3y2gyajSfGdZ6nLLDx4F//SgKzksvBfWnXNhRTRw="}},"signedIdentityKey":{"private":{"type":"Buffer","data":"YG/l+qLXL+naRwrJHRqFofh/wz7fGxDE7xex+gBU90A="},"public":{"type":"Buffer","data":"ztkXWHrEJA5HHdPrH5M+wUnxWfV9G/lOWUHPz4d+q2E="}},"signedPreKey":{"keyPair":{"private":{"type":"Buffer","data":"wILgRgLo+PPeVXbA7QPwVyYm4WkuFcrxBMUpIe3jXkQ="},"public":{"type":"Buffer","data":"fNEqY6c46dIpL9ayMzoMuXGcMUl5PB3mBNJ/kWIINk4="}},"signature":{"type":"Buffer","data":"ugTD5PzOUJ0n5wlTmK+NtvajjsxX0neHazLQelGEI7owhrIYJO8U1dMcRSPYDXN7sW8YWX9TVqmxdvQa9eCcDA=="},"keyId":1},"registrationId":181,"advSecretKey":"yhVDHnW2zuZ7bUf3UW04QXoZGNTUDyUev3W19NdwiV0=","processedHistoryMessages":[{"key":{"remoteJid":"6281269074996@s.whatsapp.net","fromMe":true,"id":"9FE191CBAB4C92847BC559334E2BBE5A"},"messageTimestamp":1755764943},{"key":{"remoteJid":"6281269074996@s.whatsapp.net","fromMe":true,"id":"97D5F1C86704A70A9609374CEAF9515B"},"messageTimestamp":1755764944},{"key":{"remoteJid":"6281269074996@s.whatsapp.net","fromMe":true,"id":"646DE0118F263F7FA43923A931C82533"},"messageTimestamp":1755764969},{"key":{"remoteJid":"6281269074996@s.whatsapp.net","fromMe":true,"id":"BB73D8D1BEDD11ACE04F7E451F44121D"},"messageTimestamp":1755764969},{"key":{"remoteJid":"6281269074996@s.whatsapp.net","fromMe":true,"id":"72F09C58859A12AB4763F9093F03A63D"},"messageTimestamp":1755765014},{"key":{"remoteJid":"6281269074996@s.whatsapp.net","fromMe":true,"id":"53A7E48C2AB074203838DAEFBB21BEDB"},"messageTimestamp":1755765020},{"key":{"remoteJid":"6281269074996@s.whatsapp.net","fromMe":true,"id":"E0DB0627A5249467CDA4E2C931BEBD98"},"messageTimestamp":1755765024},{"key":{"remoteJid":"6281269074996@s.whatsapp.net","fromMe":true,"id":"F18E02A914B61F97136B97A485D72E84"},"messageTimestamp":1755765040},{"key":{"remoteJid":"6281269074996@s.whatsapp.net","fromMe":true,"id":"1F705B1795E6C0695DF7F0AC5E65F6A4"},"messageTimestamp":1755765046},{"key":{"remoteJid":"6281269074996@s.whatsapp.net","fromMe":true,"id":"ED0C01D91820490EF806D135B81AAAB7"},"messageTimestamp":1755765052},{"key":{"remoteJid":"6281269074996@s.whatsapp.net","fromMe":true,"id":"81747D501ECEDDCF4D5D87E4CB26A871"},"messageTimestamp":1755765059},{"key":{"remoteJid":"6281269074996@s.whatsapp.net","fromMe":true,"id":"0C6F0D2D95E13E30CE9EACA26A6BC800"},"messageTimestamp":1755765062},{"key":{"remoteJid":"6281269074996@s.whatsapp.net","fromMe":true,"id":"F3557C0699C823772B3C0D82E51E3617"},"messageTimestamp":1755765068},{"key":{"remoteJid":"6281269074996@s.whatsapp.net","fromMe":true,"id":"6569FE2436C19E36760F51EF3B22B347"},"messageTimestamp":1755765072}],"nextPreKeyId":31,"firstUnuploadedPreKeyId":31,"accountSyncCounter":1,"accountSettings":{"unarchiveChats":false},"registered":true,"pairingCode":"KJL5W9SD","me":{"id":"6281269074996:11@s.whatsapp.net","name":"BKEN VPN PREMIUM","lid":"66580901814306:11@lid"},"account":{"details":"COrH+boHEL+xm8UGGAYgACgA","accountSignatureKey":"dNaZFHA7ydtyr45C1kzKxwqGqP32n+XcHDuE7qPjtD4=","accountSignature":"jnRiO655Vm7wTyAtBavcVJLejpMSrwjOr3neMr2dZ/Nf/hH5cIe5yHHcLEbnNTqi9auDbauYpCePzUwdo72fCQ==","deviceSignature":"+c39GJsZ4RhHTXYFsq+B0/bpvGszAjWkmNoGog45t5hIRt+M6/UkxSPJdMOaNZ+5njd6xIm52RwiPXvdIhjeAw=="},"signalIdentities":[{"identifier":{"name":"6281269074996:11@s.whatsapp.net","deviceId":0},"identifierKey":{"type":"Buffer","data":"BXTWmRRwO8nbcq+OQtZMyscKhqj99p/l3Bw7hO6j47Q+"}}],"platform":"smba","routingInfo":{"type":"Buffer","data":"CAgIAg=="},"lastAccountSyncTimestamp":1755765000,"lastPropHash":"1K4hH4","myAppStateKeyId":"AAAAAMK6"}