{"_sessions":{"BZZnJ/LXE+vXUWE0IBWUidoYKcyGFAdq+BBjzB/1oLMJ":{"registrationId":1622050964,"currentRatchet":{"ephemeralKeyPair":{"pubKey":"BWo+fr64yXUna5h546GHcDpYLct7TUv9Wu0fbIEHHsVl","privKey":"OOwD4ZSnY3wN/HmE4mCSe5Ag55+5yaiwR+S5km1LJlc="},"lastRemoteEphemeralKey":"BRiHHTmCPNvaAgb74AAHsSVQdGJhrGICbd6BKr1uQa96","previousCounter":0,"rootKey":"Q7DAWc/64a1o3KXbfLJmePgVGuCX4rG9PLv7z0Xg/eA="},"indexInfo":{"baseKey":"BZZnJ/LXE+vXUWE0IBWUidoYKcyGFAdq+BBjzB/1oLMJ","baseKeyType":2,"closed":-1,"used":1755765449710,"created":1755765004755,"remoteIdentityKey":"BWTIe+u/lbbwDoNdyD83o/BEfwYIZ/ERXZmVsJDyKtM4"},"_chains":{"BZ7XhVcG1AWsO79vndpxLDDpdH2Mi2DWrwjboJVS6esF":{"chainKey":{"counter":14},"chainType":2,"messageKeys":{}},"BYLqRuRkDakoH0fn+aAb5MvqhNyaT5Up2LWm18sN1aIX":{"chainKey":{"counter":3},"chainType":2,"messageKeys":{}},"BZMvKVejioK14jEjiNC0tL/+P0FF71O/ub6ki/KeOtYY":{"chainKey":{"counter":0},"chainType":2,"messageKeys":{}},"BRiHHTmCPNvaAgb74AAHsSVQdGJhrGICbd6BKr1uQa96":{"chainKey":{"counter":3,"key":"HnHWJX9Lg9rrcA3+AokvxOhEiVgaJABXLWwBRYBrgHE="},"chainType":2,"messageKeys":{}},"BWo+fr64yXUna5h546GHcDpYLct7TUv9Wu0fbIEHHsVl":{"chainKey":{"counter":-1,"key":"rlkWmawcwh7pVNqsR6Un9R9erHi3jiJb7s1Gxg00gDQ="},"chainType":1,"messageKeys":{}}}}},"version":"v1"}