{"_sessions":{"BW+uF4iJnuCL5i0OYi5CARvI9oRn2cduawZ2oDSVGrZ3":{"registrationId":1977490044,"currentRatchet":{"ephemeralKeyPair":{"pubKey":"BUAbGExTpvwczRj9Htv9Dn7FioilwHVgaXJSoYUBna5V","privKey":"gJXvwEyzFpwetRU0cVRL2IhO3H3Qs7diFRdx+7V/L3Y="},"lastRemoteEphemeralKey":"BfsiZsQsg/xXr+O71AdZUKGMG6iLE0D99/x8nCjrxFIo","previousCounter":0,"rootKey":"4UhHgnpo3UYi+HirxfR5AuVetn5vLu7RilQbeWgvYq4="},"indexInfo":{"baseKey":"BW+uF4iJnuCL5i0OYi5CARvI9oRn2cduawZ2oDSVGrZ3","baseKeyType":1,"closed":-1,"used":1755765149520,"created":1755765149520,"remoteIdentityKey":"BV7aQaM5/DvCI+6WEPbuWxL44i1ou8blrB1urJF5szkF"},"_chains":{"BUAbGExTpvwczRj9Htv9Dn7FioilwHVgaXJSoYUBna5V":{"chainKey":{"counter":3,"key":"DZxgwroF31g1emZeEjvyLC5/XssyuacCs1/nNIlv0+4="},"chainType":1,"messageKeys":{}}},"pendingPreKey":{"signedKeyId":12,"baseKey":"BW+uF4iJnuCL5i0OYi5CARvI9oRn2cduawZ2oDSVGrZ3","preKeyId":2980553}}},"version":"v1"}