{"_sessions":{"BcVV31yrVQq7DNQqrRmnhbpOK4DSIny2Cil0HF2II41k":{"registrationId":475398923,"currentRatchet":{"ephemeralKeyPair":{"pubKey":"BVdufHXzANYIE8357fwQbWbAlblns/yYMVSp9iTC7xwp","privKey":"MMmKmryrzlGwnJ29Qag9E0Lk0aljc3nKcf1ZxjTkqFY="},"lastRemoteEphemeralKey":"BZqGitIkB4G5JcvEr0E1hwLnIYC3XKkgzfEl74ZVTyRg","previousCounter":0,"rootKey":"Rl+kXp2PvmrCtxzT/uW8PprpZP7YRGLDD2pRYB4/RMc="},"indexInfo":{"baseKey":"BcVV31yrVQq7DNQqrRmnhbpOK4DSIny2Cil0HF2II41k","baseKeyType":2,"closed":-1,"used":1755765314523,"created":1755765314523,"remoteIdentityKey":"BSCyfyN6nZq78eJ4daZ3i7eAa6JGjZvr+ldUxuINdeth"},"_chains":{"BZqGitIkB4G5JcvEr0E1hwLnIYC3XKkgzfEl74ZVTyRg":{"chainKey":{"counter":0,"key":"9r63Fil8/rxgzMFZ5IN39g1LqSQ+UZHG8hryDfumpNU="},"chainType":2,"messageKeys":{}},"BVdufHXzANYIE8357fwQbWbAlblns/yYMVSp9iTC7xwp":{"chainKey":{"counter":-1,"key":"8VOmeoK2x0ddcrqhcAnF67cRiGlZAbUW+Sl9BG6AvPc="},"chainType":1,"messageKeys":{}}}}},"version":"v1"}