{"_sessions":{"BfFhcR71PbmKlRvUi5F1chiiGjLSEhH5XDgiiqKTeJxd":{"registrationId":737142500,"currentRatchet":{"ephemeralKeyPair":{"pubKey":"BY+B4d3f3homNUPteOO0yxn6IFWS4xvS9T/jusY2GXIa","privKey":"mN8xvssT2hB0iW62d/zoSIwiAozCluwDEh3Rcun5ZFg="},"lastRemoteEphemeralKey":"BUSmC+PhI8U6mB3HFJIRou+Hg2E+IqcDoyYLgVbo5+pp","previousCounter":0,"rootKey":"unlvvoNp/hZOOtpA2xMA4vMXEcFb2brUiFmLpN8R1IY="},"indexInfo":{"baseKey":"BfFhcR71PbmKlRvUi5F1chiiGjLSEhH5XDgiiqKTeJxd","baseKeyType":2,"closed":-1,"used":1755765348896,"created":1755765348896,"remoteIdentityKey":"BS/j4AYICuNZPnNIZGktF797m2kLMraI+8tSKUQA3Zwv"},"_chains":{"BUSmC+PhI8U6mB3HFJIRou+Hg2E+IqcDoyYLgVbo5+pp":{"chainKey":{"counter":0,"key":"9ZlQJMYossPgWSk7LoLqX0P6aXYl270Ql0SpauN1sGM="},"chainType":2,"messageKeys":{}},"BY+B4d3f3homNUPteOO0yxn6IFWS4xvS9T/jusY2GXIa":{"chainKey":{"counter":-1,"key":"lbc9z38/KFuYgxfLKD4L4MkuAC562iE2xbJ4mFLXvMI="},"chainType":1,"messageKeys":{}}}}},"version":"v1"}