{"_sessions":{"Bc1zEnaRCPXAw+iC1ficoEL9MxmykSNsINGQKAj8PMYn":{"registrationId":419816383,"currentRatchet":{"ephemeralKeyPair":{"pubKey":"BYqOGqvAQ/IOJPGwZU94cIqUpf8akKuWElU4gMT43stw","privKey":"GNbepCWfbAlslNkwc0sFKUKormZ42O+Furesy1lb2l0="},"lastRemoteEphemeralKey":"BbqR83GLYaT6SwjjaqMlg0wIttQ5A249VTx3s4VYgX4F","previousCounter":0,"rootKey":"oA43PXQUKPEIHJ1pleUGYjCy+imS2GPLUz8n8qEFVV4="},"indexInfo":{"baseKey":"Bc1zEnaRCPXAw+iC1ficoEL9MxmykSNsINGQKAj8PMYn","baseKeyType":2,"closed":-1,"used":1755765285020,"created":1755765285020,"remoteIdentityKey":"BTj56QbNB5o/0ignPo2IvnSJEfYIXVDO9q+rLvIaM0Bo"},"_chains":{"BbqR83GLYaT6SwjjaqMlg0wIttQ5A249VTx3s4VYgX4F":{"chainKey":{"counter":1,"key":"lWQNvakSDLOSM3HBKfh0sO9MPhR8HurS5hmSRl/kzeo="},"chainType":2,"messageKeys":{}},"BYqOGqvAQ/IOJPGwZU94cIqUpf8akKuWElU4gMT43stw":{"chainKey":{"counter":-1,"key":"5k6b4kUzuAv56swKAF0XorCB+Ax6/YyAdXdGEE57qD0="},"chainType":1,"messageKeys":{}}}}},"version":"v1"}