{"_sessions":{"BdsET6VbPDDZoyWxXd1xl3Kaf+OhsZz95d0kWGmfrecq":{"registrationId":1145899597,"currentRatchet":{"ephemeralKeyPair":{"pubKey":"BSbaSfZiFMtsmF58V2hwn7tO1cTBtkf6eo+c670Smrlc","privKey":"EIv5KRulDRfgAIrFHM9toP2xGcAqhDBF9btHTr7fXUQ="},"lastRemoteEphemeralKey":"BfKVmrQzltPCu8SPiKGV3S4q04rhVCEziGMAJ0kDa0Mt","previousCounter":0,"rootKey":"n/oxG0z5Bq4xXwIH4QqiEqLgmrH/YRmRQ1fsW+mBviM="},"indexInfo":{"baseKey":"BdsET6VbPDDZoyWxXd1xl3Kaf+OhsZz95d0kWGmfrecq","baseKeyType":2,"closed":-1,"used":1755765364625,"created":1755765364625,"remoteIdentityKey":"BToo/4YkK5WYdgqEPQSjqNhvBnSv1Z+dxlBHJDddqrpv"},"_chains":{"BfKVmrQzltPCu8SPiKGV3S4q04rhVCEziGMAJ0kDa0Mt":{"chainKey":{"counter":0,"key":"RjGZlqUXEeQZUgXgDvSEdys7jkIbcqGcsq7uTQlw5lg="},"chainType":2,"messageKeys":{}},"BSbaSfZiFMtsmF58V2hwn7tO1cTBtkf6eo+c670Smrlc":{"chainKey":{"counter":-1,"key":"muZOKgsE1h77VHgLzJfg55oBPMFMZp40L6i5c3PnDOU="},"chainType":1,"messageKeys":{}}}}},"version":"v1"}