{"_sessions":{"BUSdJN/+tS51rAwW84myr/lHnmn3meEKumGm0pFvlKtM":{"registrationId":53863668,"currentRatchet":{"ephemeralKeyPair":{"pubKey":"BUq9oc8dx1mk7jbAjwECexJnuc+ehtIWuo1ZOlZdpxE7","privKey":"mPyEdj/NV7XdsmOJvPTlUAY9wYvrx8hCCFNLzWkKM34="},"lastRemoteEphemeralKey":"BQNtxaXJeRMhimOrX7II7b+Knhy1DCiCyIexNzEacrou","previousCounter":0,"rootKey":"RUdGcxkMQHLACBd/1P9M27zcMhMr4iXgUWB7Gw9MvOE="},"indexInfo":{"baseKey":"BUSdJN/+tS51rAwW84myr/lHnmn3meEKumGm0pFvlKtM","baseKeyType":1,"closed":-1,"used":1755765149529,"created":1755765149529,"remoteIdentityKey":"BaCE/qXuSo/GM6kGdEzVlCwrSFu2eFhHQNLUtGKzEuUR"},"_chains":{"BUq9oc8dx1mk7jbAjwECexJnuc+ehtIWuo1ZOlZdpxE7":{"chainKey":{"counter":3,"key":"dhTjXeD6eLAf1xmWQSSl0k6PVSEOrxaw+ONU4Lqav2g="},"chainType":1,"messageKeys":{}}},"pendingPreKey":{"signedKeyId":2,"baseKey":"BUSdJN/+tS51rAwW84myr/lHnmn3meEKumGm0pFvlKtM","preKeyId":8587093}}},"version":"v1"}