{"_sessions":{"BSSaI5n7nsTFP3ZEQiHOmwEJfGdh1HsX5IoDwr3PLrQd":{"registrationId":1353499800,"currentRatchet":{"ephemeralKeyPair":{"pubKey":"BWnegJU3uRphJSeFMSdZT0k6GzIBRimB/sl/J/l9aaVO","privKey":"kC4IYENUDORdVIfQTJpZes61XL9ADBcxbU3sYuRrh2E="},"lastRemoteEphemeralKey":"BcSG18YuarIOJUR4yGux5xhiF6D7ztTCCDi0S9g0ynF5","previousCounter":0,"rootKey":"HKPhRljzfDyP7l+PUpY/0/jiGgqQLeO70M+eRBCcmkc="},"indexInfo":{"baseKey":"BSSaI5n7nsTFP3ZEQiHOmwEJfGdh1HsX5IoDwr3PLrQd","baseKeyType":2,"closed":-1,"used":1755765455094,"created":1755765455094,"remoteIdentityKey":"BTLzhXAZST2ngqh8QR7avEssFyuTY3cjpYr9jlPcJBBc"},"_chains":{"BcSG18YuarIOJUR4yGux5xhiF6D7ztTCCDi0S9g0ynF5":{"chainKey":{"counter":0,"key":"DC+nQf3/h3kjT5CC4tcfeExiEF1rw/2WCum6mdfOLDI="},"chainType":2,"messageKeys":{}},"BWnegJU3uRphJSeFMSdZT0k6GzIBRimB/sl/J/l9aaVO":{"chainKey":{"counter":-1,"key":"d6ZCOshuptQ7OwMTnYVcexEfieh2ee/QLW9zL9j/aLg="},"chainType":1,"messageKeys":{}}}}},"version":"v1"}