{"_sessions":{"BS+ZzWTROURpbeeVu2e9mT7XKQoqh/gXpOdS5TRk1JAs":{"registrationId":2085024892,"currentRatchet":{"ephemeralKeyPair":{"pubKey":"BaEmWC10nKOllP/K4UQRJJQb7kg3lkFFsDnpQX2/4lB4","privKey":"4AQvBc4/NolctfHI9TEUeQgMTyXZbdsCu02QxNXSRnY="},"lastRemoteEphemeralKey":"BaTXo4ZNCSoE3NC/ANNXOGtn/8SIo5L261AFh30wXuwE","previousCounter":0,"rootKey":"mdvugS3bT6EwWaIkT6blyeQZVJvxpgVoFqzi3+2GYXA="},"indexInfo":{"baseKey":"BS+ZzWTROURpbeeVu2e9mT7XKQoqh/gXpOdS5TRk1JAs","baseKeyType":2,"closed":-1,"used":1755765441027,"created":1755764934620,"remoteIdentityKey":"BXTWmRRwO8nbcq+OQtZMyscKhqj99p/l3Bw7hO6j47Q+"},"_chains":{"BUeTHSAShdt5W+7HC45xMaGLhiHNxJfTjVxHKsuDk/Q7":{"chainKey":{"counter":11},"chainType":2,"messageKeys":{}},"BYeJaqzk5mgdCnxyjTQBdzfbjVvETR8HU1AglAphoKol":{"chainKey":{"counter":14},"chainType":2,"messageKeys":{}},"BdL3kqWYFOX39zpT0TvgYKFs/ZFkr4TYohrTp1B8LOpy":{"chainKey":{"counter":3},"chainType":2,"messageKeys":{}},"Bc8+CA8JR01YQvGgtl5SQX5YMMc3k4jLxHemUgzerwBo":{"chainKey":{"counter":0},"chainType":2,"messageKeys":{}},"BaTXo4ZNCSoE3NC/ANNXOGtn/8SIo5L261AFh30wXuwE":{"chainKey":{"counter":3,"key":"P02EWwC+zd0Cuu4/FZV4MnEPiHH50M91gcoQpzFnfpI="},"chainType":2,"messageKeys":{}},"BaEmWC10nKOllP/K4UQRJJQb7kg3lkFFsDnpQX2/4lB4":{"chainKey":{"counter":-1,"key":"ANmcXebmpd1J/Ty64kS/r0DUu3VlrXrqFYrq5/8F3fY="},"chainType":1,"messageKeys":{}}}}},"version":"v1"}