{"version":1,"hash":{"type":"Buffer","data":"d9KCR1SlHAMrMLTKbhHcplRIqO/5wgdWiXHhMSJKV2Wn851hdr6a/orr4rpoajwy9iNlFC+bGLzcT8sCJhCGamk1F0iH5XNJEfvYPILxs/qToQ1evIHvYKeO02d8WH0vuNzdkN86DEEimip+VOriM+Wq8gV0nTC9zweV283MlsI="},"indexValueMap":{"64ZsOtfHmlU5CTmTqBaDa8ELNWs2BXMLs48A9ViSJkw=":{"valueMac":{"type":"Buffer","data":"Y4kyvgXQRhG7+P2za06I6xWs5Afr1Z9+IKSN94QHh58="}},"+ndi6XtAbpM8flHlSn2+cgrNAsH8Nkh/p+q5d9lKVzQ=":{"valueMac":{"type":"Buffer","data":"/7YRaNfVgdgTk26B1ygKYNm0T2K99np18AwLlT+KIOw="}},"pFJ7EDYsfJa/lCNGCXDvA7V1/otTZzgJmvGUvpfK714=":{"valueMac":{"type":"Buffer","data":"zzrvN67x7nl9KHCSJZSQMlPqvYSIchBj+6ZxzQq4wOE="}},"XcI6/sUwVduA4dD4IhGVB5cuiPjpe/sDUPGpBy4t8Qs=":{"valueMac":{"type":"Buffer","data":"0/ecYBlqXwv16jOsE/g3WvuLn5fBSwLe14ncXaKBJWg="}}}}