{"version":1,"hash":{"type":"Buffer","data":"yMtAMRFPdIbnnTdT1Mqp7N4k2SJMj8TpYZRo87p8JkLj6rCDgM5szVDbLqJdod3329bY/p40WpQ1f9/xvna4AYmw0burvX54JGJ9Nozftld1MpNtEGBOQgvQvAHSEDpM7XdBek+tdfnellLNLPL+r60qzxMicOivnxlbNAw1UUQ="},"indexValueMap":{"Pr/j6eHLYhU3CQd+m9EXkn6JrXT9tHNDWqGX9goEyJ8=":{"valueMac":{"type":"Buffer","data":"XmgWNl8bI3AnS5RmKSuOzjnAubP5x+xhoNahvUL0WdM="}},"wn+p4pJsoetEi3SNpIMHMu4i+jGkGfypaqCo3Gm1jTE=":{"valueMac":{"type":"Buffer","data":"Q/cT6y/Faw1Y2W2nE1YZT4ZhrlP5b1wpniVTJm759+w="}},"WCG6rkxcZ2xANlCozn03bbKsV9Yaw1O0eeFIr3NSPnU=":{"valueMac":{"type":"Buffer","data":"HfQmBNf270KjJgoug3VmD+IwJCRoaERTE5VV5Xx65Vg="}},"TVqSH6cp5kKG9KjgvBXNB+HbxUQtj9W9/7BAm249ja0=":{"valueMac":{"type":"Buffer","data":"bg6rJyPkfoXGjcbly80V4qkuxk5jLhj2/lEtDSuHnjM="}},"BvD6lH+EoQfbd2Ug5/J+gjDIqU+f4rjzCuV2n52T4cM=":{"valueMac":{"type":"Buffer","data":"hxwQeZ6NUvLZmo9F8Zk3dBP7+syRIM/diYFtVxpbg8U="}},"+F0Enl009OkLxUJiLsL5geNYbKLmoSe8D/VrgS0lQyw=":{"valueMac":{"type":"Buffer","data":"iuNRwO+oZohF2fq8bFd04uydOwHTyCwIbscV/quq1QE="}}}}