{"version":1,"hash":{"type":"Buffer","data":"DPNBMEhhN7FTeOBRirt5FQ4SwehXgWoIn/PwvdU30bc34MJ6Dr/eJMPiTg3KYn6vVawkdNnV/RgUM2SqQNCtYT9dFYr8hdufSmvLWEHU2xqEhK2LO+O2qtjNh+wTDR7I/bd3kqIXFYbVIWdv0wyBZ/7f61dA8imXPQ5Zd49tjV8="},"indexValueMap":{"som+g6fQvS/eQJWj52/edS5FY4No2oniMiXT0AVCv/Y=":{"valueMac":{"type":"Buffer","data":"EDZco7n982G90Jx7/gJUopkhWiJY60ihioSVYnByDXk="}},"RoVfgx/PUNPBvZ28jA/AbzRxI8+mH90PCO2bjtRpRb0=":{"valueMac":{"type":"Buffer","data":"73zVH/PmGXPHGK+rrxGoZ9M9cltCQT+sEJmvjviv49E="}},"BKSpfu8sau/L8Mh2kClt1eRX4tyOqsS+mZghVZm3YIE=":{"valueMac":{"type":"Buffer","data":"xHjUubC7FhveRhJ9wPVoiOI6T4OIasUZtd3/Z2a1+9w="}},"Y5+irpp66cvk5sk8eb2mmq/07XNhPLdIDzovJlYB43Y=":{"valueMac":{"type":"Buffer","data":"eDUapcptZImyyCpCRASzL7UdMPFRyYvDg3kjy6E4chU="}},"rxl0BUlA7tPhjy4VbHPfiK7Iv434T1vamGS5IvItImk=":{"valueMac":{"type":"Buffer","data":"kcjLyATswRGwnuPEyjmLh/S7rUnt9iQnW7U/RmywHgM="}},"v37O3rWrLh4Mb6beFop/ckZknFmjpIUrKUjK99Ux0s8=":{"valueMac":{"type":"Buffer","data":"Hvh7aVIwUOQHL6mBh3uIJ/m1zlHaacS/T5BeQjzPEks="}},"6pX7r2Q4l0PWKon0e3ayVJIOy0PWSfqmETYPjQE/bFY=":{"valueMac":{"type":"Buffer","data":"W/mOe7EiPMP2j8i8Ds0n4/onYT2ulEzZI9DHxQHq9eg="}},"YCpZEuOWpzO4RIJuG5HzGfKNAFqoBwoQSPnHfh1leB0=":{"valueMac":{"type":"Buffer","data":"mktNHw1SEY3PnBkKTjS3I3BA3z37PGNVAxjd/jjhlxI="}},"OMwG3Ux4D+UjptVEBmHPqWhltCTATtZNAvRbKtToMJ4=":{"valueMac":{"type":"Buffer","data":"ZTREnM7Iy7gmWVn4Ba5+5Ch2GcyWkVTTqqMI/UhB/jw="}},"zu/Edw41cgnsudKjqlsZwUd5KfwfKFFdK1fv2wmFvEE=":{"valueMac":{"type":"Buffer","data":"4DNWPn1eqIfPstwqBx/l2s3yaEKD+OmsAHnc0hdF1WI="}},"OeiVUa1mTK/wP6kpfmhUbt91DI/++ipZWxbrwSeRjGQ=":{"valueMac":{"type":"Buffer","data":"h/F7GKMb6Opiuj1KFmtX7Kt40Hh5qD/Oi5BS/92CQPY="}},"rqCZhre6e8c6KD6y80oCCUt3/M2wVDNYWoNid5xAagE=":{"valueMac":{"type":"Buffer","data":"HEGOa+sTbqYEozvSVEjaBmEfsnHcV8d3uzoPkq21mtQ="}},"opjukuIJA4vT9ejc23rOUROYvSuZ9VP+lL/DXMGTc4A=":{"valueMac":{"type":"Buffer","data":"Y+JpVp100H07Sn5YLLK/V1GySL3NXTK0Mq4qkg8yOMw="}},"DnHnbl7AzXeTlwXF2jE6QJR/2+mbhmw8Gr7Z0czB8Ag=":{"valueMac":{"type":"Buffer","data":"eIAMyvJtFu6k2PUgAvvzQ7PH9yuv2hX5N/dgfTe+vfM="}},"MVK1j1N3WkU4pVAxHWFsHu1NfFlp01LRxl8MOmFU1ek=":{"valueMac":{"type":"Buffer","data":"HcihC0sTORnbbxXnrfWBUD77jxjE6B/5rf8SUXyJFLY="}},"HCkNSVhedus9XyjEhVTUtmR1UkEMFm8oH50lzGJo5kU=":{"valueMac":{"type":"Buffer","data":"fSnrEvjNB7Cp7lYqCd8FraGRmnoF4vbieQgwGOC69Aw="}},"vElCUhdrghgS1NGmDoqcgKZ3VRt3jyfbF55hcCGh8Is=":{"valueMac":{"type":"Buffer","data":"FWOiZ5tvmC6FdslIRf7mrFVMjuSXOMTWk8u/I7GiACY="}},"MEq8P2i8vyAobIDOT90rdY4AfMTqOlMcXg74j2ID9Rs=":{"valueMac":{"type":"Buffer","data":"xsQ3zhc0B5DAPM0kkthKynxHdUdyGdsZm7RCKRYgYd4="}},"Sz0eS0mttYH1kWVl3MwePFnMIYtcgcuHkoIGQOhn0+c=":{"valueMac":{"type":"Buffer","data":"X8xw6qildAA35Qmyq6dMqKldsRH8AsaOy/ptcX8ajjM="}},"UehA1swuYfPl9eenF1vH2GFZKSVGaDffh9FNjZqdW3A=":{"valueMac":{"type":"Buffer","data":"i94ET3gIPfYXmhwL0iqmHgpFgvCfBq7jd8Xo3DDC0tU="}},"lhWzc7nyggngEY/KQ6PNOHg2H00dlfZfUUZDlHVTfJ8=":{"valueMac":{"type":"Buffer","data":"k7dtDTBG306Moq8yRXJHbOtKpF2MLFC5D3FHVdsqiIA="}},"Ps3NNXUvEI/t5nb1AnsQFcSnQDLdL5GMSzijcBzGoqw=":{"valueMac":{"type":"Buffer","data":"FSOqKVfS1cDUQTX/tikGYUB230tNYhECfma334u2fLg="}},"GAyX/tgxHH+ZaIW/MWx4QGSECNM3J3oUb6hsg710FfY=":{"valueMac":{"type":"Buffer","data":"+jjNzx5cViKKPOxM0XWiMBsBYas3nTvPLbSHCJ23kgU="}}}}