{"noiseKey":{"private":{"type":"Buffer","data":"cEvWg7lNgEr1zzcmvsCMTjrHRBu+hLWIk8gKx1bjrWc="},"public":{"type":"Buffer","data":"SKq2eZUrCPM4BzUakBIGujJkBZ5adE/eRqzjUMPh8So="}},"pairingEphemeralKeyPair":{"private":{"type":"Buffer","data":"EHNyMOu6+zTkUnLXQ3jE4POR/4pf9PxNxXrqzsClE1E="},"public":{"type":"Buffer","data":"ZzoA4/SvK4iBqg3YtjivNp2peKoelf1+PlTSwr2aOyo="}},"signedIdentityKey":{"private":{"type":"Buffer","data":"QJcmXPpfdx6BFOQG9t7cuVMyxgusr1k6i4U9yZeFD1g="},"public":{"type":"Buffer","data":"LVXpsBWJQa3IcEi4TWjFe0nAbJo60cgyS3ZIRewyeV0="}},"signedPreKey":{"keyPair":{"private":{"type":"Buffer","data":"8P/41GdFoX5Zhg6kEHzhENXEYQMgq78e73v18nNnhGQ="},"public":{"type":"Buffer","data":"HHiYUQ2/meC2uXwbmSYGFqGHZpH5EFqJnsn1vGTtmlU="}},"signature":{"type":"Buffer","data":"69OnAB8Foes14NZYYauNb2UN8JdsTjiDIfoBr9wgeah2TANeAyeFV67pmOOrSvV+8P6dcWii6K6Tl+S+shx4jw=="},"keyId":1},"registrationId":189,"advSecretKey":"WAnuJQBZqynXKu/GLvJnMWSuZynQOn7K5Alwyzzzrhc=","processedHistoryMessages":[{"key":{"remoteJid":"6283132427885@s.whatsapp.net","fromMe":true,"id":"CF3A2B8390CF9FC80BC237208487068D"},"messageTimestamp":1755127773},{"key":{"remoteJid":"6283132427885@s.whatsapp.net","fromMe":true,"id":"2744E79B991104850AD9DCF5B683F10F"},"messageTimestamp":1755127805},{"key":{"remoteJid":"6283132427885@s.whatsapp.net","fromMe":true,"id":"9A01CCD6539A3D5B10B13B86F493586F"},"messageTimestamp":1755127811}],"nextPreKeyId":35,"firstUnuploadedPreKeyId":35,"accountSyncCounter":1,"accountSettings":{"unarchiveChats":false},"registered":true,"pairingCode":"XLD1P6EH","me":{"id":"6283132427885:3@s.whatsapp.net","jid":"6283132427885@s.whatsapp.net","lid":"90074674946177:3@lid","name":"y"},"account":{"details":"CK6Px64GENW/9MQGGAEgACgA","accountSignatureKey":"MqKy6i/0PH97rDQK3U/NKilr6WKu73ds4TibJGOqbXw=","accountSignature":"xPfjvXB9YwuwgHHl3Xz2p4LdLMmuX9s+baSzCDT/SNslPtVDDficPXRfUezpgStfvW6YEzJwZnnSf5wRl8gvAQ==","deviceSignature":"dISSx93aWuu/5T8jtJ0pmXIHLoPQmVdXhpNTh7xkxrUAf8+4U6pXxzBGTkmUcZZTJRvRfgMC/2dLnZTGg3pmhg=="},"signalIdentities":[{"identifier":{"name":"6283132427885:3@s.whatsapp.net","deviceId":0},"identifierKey":{"type":"Buffer","data":"BTKisuov9Dx/e6w0Ct1PzSopa+liru93bOE4myRjqm18"}}],"platform":"android","routingInfo":{"type":"Buffer","data":"CAUQAxAA"},"lastAccountSyncTimestamp":1755131448,"lastPropHash":"1K4hH4","myAppStateKeyId":"AAAAAPEV"}