{"_sessions":{"BXWFu34a5DCPm5vUT4Mfld9+VaR2/Rmeh+27WJolQjVr":{"registrationId":1622050964,"currentRatchet":{"ephemeralKeyPair":{"pubKey":"Ba+CfuRFh3264t3jmjU+AHu95LQsHV0u8azXExfVx6hn","privKey":"4ISN3zDQ0cYBBLhryFPZj5oWj8hdjiv2fnYvS03ysWA="},"lastRemoteEphemeralKey":"Bbf63xciCP+D9zI4cqeak5ncR1wb0B5DsCu8RGklMDUi","previousCounter":0,"rootKey":"J4A/m9xC9SwoZGVIJyE3VOpzEB6fVkjX8SyFHH3mrFc="},"indexInfo":{"baseKey":"BXWFu34a5DCPm5vUT4Mfld9+VaR2/Rmeh+27WJolQjVr","baseKeyType":2,"closed":1755131481298,"used":1755083205535,"created":1755075326891,"remoteIdentityKey":"BWTIe+u/lbbwDoNdyD83o/BEfwYIZ/ERXZmVsJDyKtM4"},"_chains":{"BYdu91pjfv27yut1jcss+mVAxGY5bqdNwACflwhas+kh":{"chainKey":{"counter":6},"chainType":2,"messageKeys":{}},"BY13bhtAvIUAauU27ux9Qnt7xG7JbwPO7eX6jYfmyR8r":{"chainKey":{"counter":0},"chainType":2,"messageKeys":{}},"BY4FmpRaV229/FTmUveN2dw07+BhdFUp5S/e0CYoBWVs":{"chainKey":{"counter":1},"chainType":2,"messageKeys":{}},"BTrQwKtRxxHQjF8i0MoKuWg/vHGGUm299IssTSMWg6xT":{"chainKey":{"counter":0},"chainType":2,"messageKeys":{}},"BctG5AUzvutT0Ge5lPNW9IbvY22XrgbVba88Olg/BOFa":{"chainKey":{"counter":7},"chainType":2,"messageKeys":{}},"BRsz9mQUN6MfoqW04zbpeE/k20BVXCCwiuTSQKEOOdlF":{"chainKey":{"counter":0},"chainType":2,"messageKeys":{}},"BYqMBvoUQ4MnmIXiLVo0/LpLQnzMmqoJeTE1ojzITNIT":{"chainKey":{"counter":1},"chainType":2,"messageKeys":{}},"BQlgKWpr87asKaDCz7j2BpqQpClTJbF3uRXbQRZDtAEO":{"chainKey":{"counter":1},"chainType":2,"messageKeys":{}},"BXfRyECnK3FrL6lINiT77mhoJ1i1jjaaTPv3WQLzBlZW":{"chainKey":{"counter":0},"chainType":2,"messageKeys":{}},"BWJUtmbDv+h3KXtF3qaIoYBFhm1zy9+u2nt79DrqwMgf":{"chainKey":{"counter":0},"chainType":2,"messageKeys":{}},"BXQxnU4ByTdNHnXivYgfXVUDURshltCW1vlapvMP6Ig8":{"chainKey":{"counter":0},"chainType":2,"messageKeys":{}},"BdwQeVxG3tU5SCtCWnlnKeugpWg/LOKFuWy9N9bqdVE2":{"chainKey":{"counter":1},"chainType":2,"messageKeys":{}},"Bf0Gs7X8b1/2TXeJJLa0NUMGUvqVWxWgG7Ps6ivOJ1Rf":{"chainKey":{"counter":2},"chainType":2,"messageKeys":{}},"BRyqO5YilRGft3lpNibqu4YgE0lbMTB2kJG4DIodEHV/":{"chainKey":{"counter":0},"chainType":2,"messageKeys":{}},"BQ2XRPjbps2JqcUKzVtQps1ts6/FtonAvU8I+CL2gHJr":{"chainKey":{"counter":0},"chainType":2,"messageKeys":{}},"BRHITN7m2s0/B38rXMW6Gx3c16n4CKrQoIwUJ4vLcbAR":{"chainKey":{"counter":0},"chainType":2,"messageKeys":{}},"BcSklx8PzWk+6HvPioonWyKUoQRpgwr0qKW+w45DL9lO":{"chainKey":{"counter":0},"chainType":2,"messageKeys":{}},"BXPXEHyHY803hj3V1kBEBLtzUi8OgvykIvWrvGoEpV9j":{"chainKey":{"counter":1},"chainType":2,"messageKeys":{}},"Bbf63xciCP+D9zI4cqeak5ncR1wb0B5DsCu8RGklMDUi":{"chainKey":{"counter":0,"key":"fUaR0cVVek0zrgO/7UJj51Ab22TC+rhYoAdKXIixuOU="},"chainType":2,"messageKeys":{}},"Ba+CfuRFh3264t3jmjU+AHu95LQsHV0u8azXExfVx6hn":{"chainKey":{"counter":0,"key":"QkIcvACaCne1G6n4lL4btTA8RBhhU7MC5bI2iDaNvww="},"chainType":1,"messageKeys":{}}}},"Bfwv/S/uq+4Cx3oO+k5EE4ex5JQwvRwDxyYwz/xreIYE":{"registrationId":1622050964,"currentRatchet":{"ephemeralKeyPair":{"pubKey":"Bdr6VrNCgMB//UmvrxWbqyDmvLfl8cFoW3KtmyAFasFa","privKey":"kPvBCzhf7y7XiNqmuIf0yNWg/NsqM9qaY9/zFPy4ckY="},"lastRemoteEphemeralKey":"BeOxzkRJRdWDYY8n+euygL7OawO9UbnYRFRQ9XUUqkp6","previousCounter":0,"rootKey":"Q4XIDXQYRW3C3wZ3LD9QQQgi7DQhUP2XDamgUjCvQsY="},"indexInfo":{"baseKey":"Bfwv/S/uq+4Cx3oO+k5EE4ex5JQwvRwDxyYwz/xreIYE","baseKeyType":2,"closed":1755131481694,"used":1755131481310,"created":1755131481310,"remoteIdentityKey":"BWTIe+u/lbbwDoNdyD83o/BEfwYIZ/ERXZmVsJDyKtM4"},"_chains":{"BeOxzkRJRdWDYY8n+euygL7OawO9UbnYRFRQ9XUUqkp6":{"chainKey":{"counter":0,"key":"4enCJV+hONjykPcioRShGxASD0RN0CeTrV1zl86qVjI="},"chainType":2,"messageKeys":{}},"Bdr6VrNCgMB//UmvrxWbqyDmvLfl8cFoW3KtmyAFasFa":{"chainKey":{"counter":-1,"key":"aLrqgbJdYpe2KxMta1hd8JtX9+oHy505XuptMPJH49A="},"chainType":1,"messageKeys":{}}}},"BSxVPevqCM+sLYVauXdTC7gn1iTQTWvkLZuk3zAoxm4C":{"registrationId":1622050964,"currentRatchet":{"ephemeralKeyPair":{"pubKey":"BXfv1rQwrkk1Ul5tyXU90+UUTZE2Y7O8Kp2pYoQEo5Es","privKey":"CLuM0cgboIXUCDej6AcrXo5250CrALZXg0+uqVJKXGI="},"lastRemoteEphemeralKey":"BXwPz/ZLHmqN1OUcrLIHQWmmpttM73zdLBd7EFQkoilC","previousCounter":0,"rootKey":"5rZ+1qyMlGXEcUf3HNV4SL0frGkFaYmla0yLeZcJ5rs="},"indexInfo":{"baseKey":"BSxVPevqCM+sLYVauXdTC7gn1iTQTWvkLZuk3zAoxm4C","baseKeyType":2,"closed":1755131482140,"used":1755131481704,"created":1755131481704,"remoteIdentityKey":"BWTIe+u/lbbwDoNdyD83o/BEfwYIZ/ERXZmVsJDyKtM4"},"_chains":{"BXwPz/ZLHmqN1OUcrLIHQWmmpttM73zdLBd7EFQkoilC":{"chainKey":{"counter":0,"key":"OnWWOkBvDw4aySmSozFSNfZTmNcbP2aYoFeBJotPGYo="},"chainType":2,"messageKeys":{}},"BXfv1rQwrkk1Ul5tyXU90+UUTZE2Y7O8Kp2pYoQEo5Es":{"chainKey":{"counter":-1,"key":"2tyLaZ3XDy/b0vU4d+Kq5fp653AsWdKbevByOhV0MiI="},"chainType":1,"messageKeys":{}}}},"BeueIm0JHRxXfutuBer5yhKb+nHO2K9Mjt4l22KAQLNZ":{"registrationId":1622050964,"currentRatchet":{"ephemeralKeyPair":{"pubKey":"BVEsQcsnQVrxmNSp2m0umIfjNoDPaR5QGmen1n+xP6kr","privKey":"UDPFBavw00hG0FIT9GbP6vYq1lvkZ6xyjlqvcqEgV2k="},"lastRemoteEphemeralKey":"BUxptd8nbiTR4BqMiQt7DQANK1YI1ZlrVzCvh47Pk6og","previousCounter":0,"rootKey":"IfpmTx1VHlc0sBYwYks14p0IQz1RBBxiMZOigNKXQ1g="},"indexInfo":{"baseKey":"BeueIm0JHRxXfutuBer5yhKb+nHO2K9Mjt4l22KAQLNZ","baseKeyType":2,"closed":-1,"used":1755131624275,"created":1755131482145,"remoteIdentityKey":"BWTIe+u/lbbwDoNdyD83o/BEfwYIZ/ERXZmVsJDyKtM4"},"_chains":{"BU5CwqZ8wW2jwagIeFXGLZdu7B2XdzpMDWSBQZ/V7k9O":{"chainKey":{"counter":0},"chainType":2,"messageKeys":{}},"Be3uWf9n1X2M+fetQbI0SvXlLj6DSsj6cyKDBeAaNyI7":{"chainKey":{"counter":0},"chainType":2,"messageKeys":{}},"BWYULrd+cWQa4ThY+Fk6OQ9DJI7zqJNvKKyi+VQzj158":{"chainKey":{"counter":0},"chainType":2,"messageKeys":{}},"BUxptd8nbiTR4BqMiQt7DQANK1YI1ZlrVzCvh47Pk6og":{"chainKey":{"counter":0,"key":"ASKkzUtrWajMkPeCza3LXrs51Mm3AQ3JW4ahmhxkaYI="},"chainType":2,"messageKeys":{}},"BVEsQcsnQVrxmNSp2m0umIfjNoDPaR5QGmen1n+xP6kr":{"chainKey":{"counter":0,"key":"aaD2RLDTlrMQ6BS9DcVtvmTtxn0uhbcNoz9rLaFfpcc="},"chainType":1,"messageKeys":{}}}}},"version":"v1"}