{"_sessions":{"BVoGnxIcOQ3LoI4Ev0SznbPNA8WSVPJowaKGzH5OC1En":{"registrationId":2019872682,"currentRatchet":{"ephemeralKeyPair":{"pubKey":"BQ6obzrDm7nQ++5eCeF4JlNIVxpiJhWvIKOY5Ke7vdcZ","privKey":"YGjaypLw74S1q1ViGQsjq7c8YJjY42ye1lVxPd/RfmM="},"lastRemoteEphemeralKey":"Bbc4+eCgmt6SVBBqHSpqGTxH4K/lORg0JqimiWuz/b8G","previousCounter":0,"rootKey":"Wd5Ep/Y98YpVpAWpOd6VJvtB0vkiUfNe5+v+x8IA+6A="},"indexInfo":{"baseKey":"BVoGnxIcOQ3LoI4Ev0SznbPNA8WSVPJowaKGzH5OC1En","baseKeyType":2,"closed":1755131454886,"used":1755079916888,"created":1755075304335,"remoteIdentityKey":"BTKisuov9Dx/e6w0Ct1PzSopa+liru93bOE4myRjqm18"},"_chains":{"BfvUXvXmAvvVBC/F/2TsX7D152ee5jOu4g3nX39ASq0i":{"chainKey":{"counter":11},"chainType":2,"messageKeys":{}},"BZW5UiSqPizMjh1m3SkEAzyPk3T36EqtPHjSTHdt0LJ2":{"chainKey":{"counter":0},"chainType":2,"messageKeys":{}},"BZRWobYa/gusNA8EFO8UYdiD8dLD1SdEsXTDwehXT2xY":{"chainKey":{"counter":5},"chainType":2,"messageKeys":{}},"BQN1DTuAudMaXw04le5S1dX8jCXqAlF5zhV+aaT1JcNZ":{"chainKey":{"counter":1},"chainType":2,"messageKeys":{}},"BdQ8Mv8sLHi8JO5aC35HoCfXoVRUexUpUPyhJdmkgQE1":{"chainKey":{"counter":0},"chainType":2,"messageKeys":{}},"BXEuJv6fp2lxz+2a8Av1o9jStGzpFdJuD5MdLJ4odR8S":{"chainKey":{"counter":0},"chainType":2,"messageKeys":{}},"Bbc4+eCgmt6SVBBqHSpqGTxH4K/lORg0JqimiWuz/b8G":{"chainKey":{"counter":0,"key":"MYVt/NUQLw1q5Tu4IuXhzt2GnzSk/LkzGXi+0Y8BdcQ="},"chainType":2,"messageKeys":{}},"BQ6obzrDm7nQ++5eCeF4JlNIVxpiJhWvIKOY5Ke7vdcZ":{"chainKey":{"counter":13,"key":"dMRQou4+4rEh+bzxfs0aCcaEPjqbeqlYvV88GsE5948="},"chainType":1,"messageKeys":{}}}},"BQ8IWBU4398hSYO6kC0UoOqAa+VFkqvCARs6JKcZdioH":{"registrationId":2019872682,"currentRatchet":{"ephemeralKeyPair":{"pubKey":"BQ2sKKrryF8VigF91EqmdG2gtZeClaBsEi123zgOfWF7","privKey":"OJJMvf/k1tIji/DkAUh87ucYs9V0QyqzEa1hTIqV1Uk="},"lastRemoteEphemeralKey":"BXlze5JLp4gL6khsOOByRT4qpbIu5EsPVR3ilFQn9hR7","previousCounter":0,"rootKey":"hsyqkAFYE13o6UUjPG5AwPNnZJCawNn9yt6Af/CWypg="},"indexInfo":{"baseKey":"BQ8IWBU4398hSYO6kC0UoOqAa+VFkqvCARs6JKcZdioH","baseKeyType":1,"closed":1755131456003,"used":1755131454873,"created":1755131454873,"remoteIdentityKey":"BTKisuov9Dx/e6w0Ct1PzSopa+liru93bOE4myRjqm18"},"_chains":{"BQ2sKKrryF8VigF91EqmdG2gtZeClaBsEi123zgOfWF7":{"chainKey":{"counter":-1,"key":"rhHq8LfkgMjCRZblm5lhy/hPKsF4oB/LuWxdZVRemtQ="},"chainType":1,"messageKeys":{}}},"pendingPreKey":{"signedKeyId":6,"baseKey":"BQ8IWBU4398hSYO6kC0UoOqAa+VFkqvCARs6JKcZdioH","preKeyId":3114533}},"BdV3lhVkEOeZtUpMM9pKlSyFtKaC/chizknjT4CzKR9C":{"registrationId":2019872682,"currentRatchet":{"ephemeralKeyPair":{"pubKey":"BW3VZjyy7G2VgPbOcjplzjCbD4sIvSW9xVdAS3gKmTd1","privKey":"sAUr4M9EWnFBCzGPcMPsSCrMQ6PimzvuyMSfzDPSPV4="},"lastRemoteEphemeralKey":"BeJc0KxziiRJaQ/ewG8KM0Jv247Pdw4Y7eJsfSTA+iA5","previousCounter":0,"rootKey":"fDCC3FQhWoWfGZleiPOBPQ5k6qWV1tpkhBDoko1o2Lw="},"indexInfo":{"baseKey":"BdV3lhVkEOeZtUpMM9pKlSyFtKaC/chizknjT4CzKR9C","baseKeyType":2,"closed":-1,"used":1755133078928,"created":1755131456008,"remoteIdentityKey":"BTKisuov9Dx/e6w0Ct1PzSopa+liru93bOE4myRjqm18"},"_chains":{"BWgqEHTFODGVyauP7MocBEWo/I/IEL1gOwcyNmSM3jsL":{"chainKey":{"counter":0},"chainType":2,"messageKeys":{}},"BXgstCrXMkyLSgj2YztkfyrBeKO8D5X3WN0hluZ3UZBK":{"chainKey":{"counter":0},"chainType":2,"messageKeys":{}},"BWVkK71aWuYdIz/7TKsfW1sszH3b5S5lh9onxZwPOIZ1":{"chainKey":{"counter":0},"chainType":2,"messageKeys":{}},"BU//5qFdtpaRH6Ak5cBiFpyhfaXKe5EJE6k+zpecDOZr":{"chainKey":{"counter":0},"chainType":2,"messageKeys":{}},"BZkbzZYx0Z9ULi03zPVRL4GRcvx4fVKY0iUf2f63UVlS":{"chainKey":{"counter":2},"chainType":2,"messageKeys":{}},"BWt1xbRQ/WMUGn8pZwnvsn7IoFvKhXWpyHxhpSH3SM1k":{"chainKey":{"counter":0},"chainType":2,"messageKeys":{}},"Bew+qE3NiWSiVwxBEdxG6PZkNrINIQG55Zf0XqlBl/U3":{"chainKey":{"counter":0},"chainType":2,"messageKeys":{}},"BeJc0KxziiRJaQ/ewG8KM0Jv247Pdw4Y7eJsfSTA+iA5":{"chainKey":{"counter":0,"key":"X3qnjJtHIKVuHWgSdqQ/hqozvNsmYrw4yDQqhTHL6iU="},"chainType":2,"messageKeys":{}},"BW3VZjyy7G2VgPbOcjplzjCbD4sIvSW9xVdAS3gKmTd1":{"chainKey":{"counter":0,"key":"lxDIPyMXamjYLC2Hvtm953j1H9ukgqMjrt+tmJESIVM="},"chainType":1,"messageKeys":{}}}}},"version":"v1"}