{"_sessions":{"BeIvtC2xbCUXcVBtDyUcWvlooyAYE/+i0D9lOqM3urd4":{"registrationId":53863668,"currentRatchet":{"ephemeralKeyPair":{"pubKey":"BYytERcFOVT6m1ryYtcszPKvOKlSXwdG5qrggIVK6bQL","privKey":"OGzFC8KeXzy3D8HfL4PUz7/E5Rggsd+lWXL1myVaMVE="},"lastRemoteEphemeralKey":"BQNtxaXJeRMhimOrX7II7b+Knhy1DCiCyIexNzEacrou","previousCounter":0,"rootKey":"jl8/40KApFW7IzZxFq4sbAVSacjqmUQGohJvkNSOWgQ="},"indexInfo":{"baseKey":"BeIvtC2xbCUXcVBtDyUcWvlooyAYE/+i0D9lOqM3urd4","baseKeyType":1,"closed":-1,"used":1755078720330,"created":1755078720330,"remoteIdentityKey":"BaCE/qXuSo/GM6kGdEzVlCwrSFu2eFhHQNLUtGKzEuUR"},"_chains":{"BYytERcFOVT6m1ryYtcszPKvOKlSXwdG5qrggIVK6bQL":{"chainKey":{"counter":29,"key":"QauHilmUfDha8eaYlrsVLH8C/fN5YNLl4EBWe6Lxo8E="},"chainType":1,"messageKeys":{}}},"pendingPreKey":{"signedKeyId":2,"baseKey":"BeIvtC2xbCUXcVBtDyUcWvlooyAYE/+i0D9lOqM3urd4","preKeyId":8587234}}},"version":"v1"}