{"version":23,"hash":{"type":"Buffer","data":"hbJT4XVD5SwMjPdXRozpMSxnXzEzqBCOtSZsl2L1nkn6GK7kxLzXucjjhXrC33bUORx88OoZA7kc5KN6+ov3Rp9yqmCQsAIVlTLe2Y9wR7XxaeP9WmggOWmEuUwxGQpUn8xe5nCnmZxH3fL7xlza9MGoC1IizuNYw26lmnpUhSI="},"indexValueMap":{"BmrcWYyx9JviTY2J/ylKPLWrvSbYKo7XDT7zZeIyveI=":{"valueMac":{"type":"Buffer","data":"SvetxbGWCSvdxq3Gk2zP25a4Yrv1/ReRVPPx2hTbhQA="}},"BohiDji2KFg+TQDImHWGew96llvKmZVykxBwzd9Sre4=":{"valueMac":{"type":"Buffer","data":"9uvszyDS3LuoEIJp6sSMMg+jn8RwPWwA0sv/0llmiBU="}},"DS3IgV0pm7qiGaVYjRfPZInPgeztSYKEGWyb2o/J6xE=":{"valueMac":{"type":"Buffer","data":"7IupZVtE9Akx6I7goxfdoWSBSLv/PBtyXu3/7VSSQgk="}},"Dy4gzKU10mHTRCe3rpphIWEP0zhNkSAkxIfL+iu/pLs=":{"valueMac":{"type":"Buffer","data":"X8Hobl/8SL133cAwGGEFT5+0dR38O9KiQXp4KSLHStk="}},"EsO+WDzvT5nz28ENNKTZW9iBnLyf7bbEAOiHeSIlKqA=":{"valueMac":{"type":"Buffer","data":"a3bQnTKr1MP6bvLFgRypCH9TIovj2JsOr0k8SC8LMqQ="}},"KDnvPjYMC0lFD2EEzAhhpD4E3A0jMqUHVfpYRPqFNhY=":{"valueMac":{"type":"Buffer","data":"j5v2T4Gv/X4Ld2PXXEXN17TNv26TsdrVU12E0jOn8Cw="}},"O/OQpxOSF27Ikx2O95FkzDcIjrorhUwhsJ8epFkvwfk=":{"valueMac":{"type":"Buffer","data":"kG3aSfJpnPdvhpSLu7ZjtjRiR4tpmpVjVkmkjNN5/5g="}},"QIqlnnNNy8zfWEqFf7IjnHm29k/UZ8ggFXrnKO/SAgs=":{"valueMac":{"type":"Buffer","data":"/SGqwTAj9JFipZiQi5aUSNKy05fxlcWs0N/ctsIElDc="}},"RQ6xrYC2/KrT25HVm0JHXMcLd4cDXgFEPjLrf7GzjQQ=":{"valueMac":{"type":"Buffer","data":"kyXnbKL2B/l6GpImvNUnr6rUEx5Km5OmGXeUItWqjGc="}},"S1pvgkWxM/QwzgXM4gBKBd2Ij7i8TxJAL3t9eeEGzrM=":{"valueMac":{"type":"Buffer","data":"MiulcL0CWrDmuJY8A9tuFBK4JCKwDpQx7uUJgcPkGog="}},"WzogM8fIWFhhS5YpGDpJGUNP+QREwmG4daY2qAMLiPM=":{"valueMac":{"type":"Buffer","data":"FjRlNmjYaONV0kCKFXsDPWky+MOw75wMgwK/ZKTHgKI="}},"YHM7W5//U2rEJS+xprOQ2Bo5UqvnibGUPwjWxra+0IQ=":{"valueMac":{"type":"Buffer","data":"ozJkSex8y5Mllsm7VWojU1ABnzjE3IAHw58aEgXuims="}},"ZWX+YYW2iRJwlswxskdiZqQ/0/NqIhPokR7fGlFusmU=":{"valueMac":{"type":"Buffer","data":"glBpceqDyCWpgWelkVNZ/r1UkD2nynSVwNtzPdD5SjU="}},"Zdojgh0Gtf1lXT9uejkCBPKBr/267HvxEyrZTmF8bTM=":{"valueMac":{"type":"Buffer","data":"psw1Q6Give8/mwminSWPMKcrJpGw11gWR5KI7mMR1RU="}},"aQuLQod2+zI8b/TPo0Op1HWJ48x3M5v03gdfHgzwymw=":{"valueMac":{"type":"Buffer","data":"J8meWCkNZFLwCEV0lRhaB+39WghUQchuq/TVp+ScVaI="}},"d6z4ENDLvLegSz78hlwyHtgOFThPBa0Ib3eiJy8N1B0=":{"valueMac":{"type":"Buffer","data":"mP8N2yLMiHZstpunH9hxvYmtGF5+MaRBccg4nxrEhQI="}},"d9jCncG1YuXqSrwBGGBEH7cvR5jYQNW5Ylf/WKzTRVA=":{"valueMac":{"type":"Buffer","data":"tMIX8R8zqA2KbNGYOXzFAQuVclPXFil9NjaXVobnjj8="}},"etoSHblpflE0COfrXdEvUmGVg0lXMjKOUIB1Rs373gs=":{"valueMac":{"type":"Buffer","data":"Ojx27I7J0do0eFVK8rP9tT1gySUBgrGlIeby5gl6EL4="}},"e9KHc3d1uEJbclMTVi9vmnndaZryyBZU2TK3sTypZm0=":{"valueMac":{"type":"Buffer","data":"cmng/58hx8xlesgg89XX/3eQikS7hX/V4fWFTmRbZW8="}},"fR/5WG0IJrreqTqwYjw+dyT/WKOfJ96CFC5kA2Svtso=":{"valueMac":{"type":"Buffer","data":"suuhBcOF/fdQfcKnd/xp3YKhee6SRoq6o5pZV1q6Ytw="}},"hUD2l9wHUkbWU5OTTaR5LMtQXCekB07mgVzHLBB5V38=":{"valueMac":{"type":"Buffer","data":"90UiyS0mFPn4RSpN8RwZ281X/ugDkuOgZG9NlgSxueg="}},"irJNu06Ud6734mDQMhY/y46bjwLd8tPveWa5QSY44Eo=":{"valueMac":{"type":"Buffer","data":"cl/exQk1AvlK+E0LGxiBx0JZn3ycENpxOiN5aALYlvU="}},"jFGmAjCt+O/colKmBKX8mJWffli/su5+vrUVjuG8Kks=":{"valueMac":{"type":"Buffer","data":"FyMF/uVTl47rmytHKASb90h5s+A3wBK0M6w895nvt4M="}},"lrxasD+0fmJSsbgdBh/Q0uADzH9TSjOqKw6sI9vrJuQ=":{"valueMac":{"type":"Buffer","data":"3L7yJ8pO6gQjWYcXjSNH2OQb8CERWMfzrGKCI0VqdFw="}},"pH3oOyG7+VVpizWxNRpa6ivQGiBW4Y05MEu7GTLk5Fw=":{"valueMac":{"type":"Buffer","data":"OGGQI33ocvzmtvC3N97NUs+nBZb3voGKnWH/pUtj1mo="}},"pSK2PD+z/CyhvHmF9yU4f8//sUrR1DD4Ln2UL56C4ZA=":{"valueMac":{"type":"Buffer","data":"zKVFirZYyGIyWSZu17+eTPiiVnLvRoryGn2TK9WUDEU="}},"p3v4JcPtFmWw49GWEjluwqNp0ZKkST+tfiWDRtMxDM0=":{"valueMac":{"type":"Buffer","data":"292XFfPy+YIL4+7xx+4WnLp6c2bQc2R/cLiDoKT4UZw="}},"qCQkmqiQznE9du2JlyRX23wsGdYPP7bHw3F8XvWvYQw=":{"valueMac":{"type":"Buffer","data":"7c8KafkjFF9iPmEEy3UyoRIBJ99BUXJ7QaagMowMia0="}},"qErRu3Pn9+5K9Taxyw293TpXiREpMDal/sCj8Ato5Ro=":{"valueMac":{"type":"Buffer","data":"9uKuaRVm/CdxVy2F+BxZruzRYkrRACnyrmy8JZcmCMo="}},"qtwQn8hg6ZmcA3MvPgD3qn86m6ksF8HDLjkMh+znkEo=":{"valueMac":{"type":"Buffer","data":"gnzzQOlzfPBLes78iIDr3DxUBLBebovPEmHLBGeK29E="}},"rTz79X3LnOj0eHREfRRuz8BoMUYn9LRK+SvROkW4ZJ8=":{"valueMac":{"type":"Buffer","data":"77CbRmO9s90t0EdN8TRVmAtPfbQ8ITEFkH7uOpX6eV8="}},"skJe6CHawOnu2tAINzgMg0mGKhTsYj4+2h55YT+9CPU=":{"valueMac":{"type":"Buffer","data":"uYY4eVupGJwP0igQzS/iIxV0s27LejfRi54Eo5Nyhsg="}},"uq7nYThSmJqEevUh1zJlwsuhRFcBf7ZhcCsE1cBQFGA=":{"valueMac":{"type":"Buffer","data":"sOsA0EOMBCBBBVKg0BXY66gs/clqZ2GEv/ZJfDVCxN4="}},"vK93bKZnMEcGu7Kc3gUmM/22XBkq6HlgZiN7EZ2iMQY=":{"valueMac":{"type":"Buffer","data":"susLJmWc8Dql3LBcTVbNtkux5cIfDvMWxmZ9sEu1OJw="}},"0/S7ypQZDxrCEBg47Befg23C/FV6HiIy6qm6btoh+sg=":{"valueMac":{"type":"Buffer","data":"T0skLeViCmVy22cQUkaXrI+B4ZegeEgLs/Rg0jxjslg="}},"3qT4z7jVfl0HWfd9VmJJo3/tBoWi9b8IRGH0jY5Jv2I=":{"valueMac":{"type":"Buffer","data":"OZsDEvsJHXPf/pn73k1wwQMc3iYsFY3+CQPh7OyV6pU="}},"4uT35LZXYJf97TfhoXXBGbpipjUyyS9B0C8OjyQLa2w=":{"valueMac":{"type":"Buffer","data":"GYnTORMognGr7xVYunCP6HHxq4QN+UBHWFG4boGOlLA="}},"6mSZL3AKjbudp/L4QEz+FK12MPqVkZDsMmAFDR6h9o4=":{"valueMac":{"type":"Buffer","data":"VmBtNtyk1+H4QDvp4JtE3mga5FFPQbjAK8kjB+rjAK4="}},"6ti7hhXD1A35U2lgs0XKMmXPPckLBazwDivn+EW6Jb4=":{"valueMac":{"type":"Buffer","data":"PaAR9PI7G/xxBD6qZyRnTR/wco5nChduYv4RK1q24zw="}},"7Nad8czKDr1sCkMRTQkv14JXCgHnQzHzYjITxrSDk9Q=":{"valueMac":{"type":"Buffer","data":"AxLGoqgs32trCwtwnE/kht+sJrK4vY++vXEhNJnmGJE="}},"73uIJEspxsR/hm1HVS7SWO5a1Oz1zg1By7Tv0xpENkU=":{"valueMac":{"type":"Buffer","data":"rQDSi8qwbOdoDa1Av6Jw+mQ5EtxJ0AqPwRq17vvgQ60="}},"XaeJ/F+RDQGF4xma1icXRTnkWNWU7njvow7K6Pt96oQ=":{"valueMac":{"type":"Buffer","data":"ebsbi5erJYi7+y2eBUqirKWt0tP7VfoDYILuYeu3vPo="}},"7Ch/8IpXqKWmS5R3iMCtJsrjUReAYR4j2b3ZQmYVr/c=":{"valueMac":{"type":"Buffer","data":"TI+6P8VG74UDVAp/24EDY435hGVriI2uWZyWMe91gq8="}},"uV4QorU44tWsyyJrTETD6cWeyNlxCziWW5V15aRyhoA=":{"valueMac":{"type":"Buffer","data":"jQMwgJkxLblVaJlvZE65NalPFbf8Duj5Nrg/EWeQoj0="}},"eqqLtASXbzFKK7dog+KFP2kG3UThFZsFBPOv/nYWeHo=":{"valueMac":{"type":"Buffer","data":"im7dB40SgfmqvY3F0LJzntEO4+YjrCiU4qX6SCLn0qc="}},"/XhrDGFuAYrNlgytwq4Qo2xQDQAwnMy4S17wswgHn+U=":{"valueMac":{"type":"Buffer","data":"jDhmT7ekH4fSNVGrraIhvY2rHb6Bej6a8l3hUQNMciE="}},"EAQe7+ur2E3w+oRwI4DLAWskNprYeNM+Hv3XM6XDoUY=":{"valueMac":{"type":"Buffer","data":"dzFwgPfJJ5rm9csZ5Z5hS+p5TVlTMV8+kY+tz74blHA="}},"qu8D6Tn8X/GnEPD2xK2B1Ofq57scyB03gooLx+E22Os=":{"valueMac":{"type":"Buffer","data":"cHIakOBZN7gDx4GUzy7zrDyQ9RIsaUB7atNmmRCXgCg="}}}}