{"version":7,"hash":{"type":"Buffer","data":"cMrw77RRpkYK9uwjVFLODNdfSBO2HauD5DzYYaTER39JoP3EZfYYLsGqchfBvKhqQzNmKTImcqgfc9rUckfQBwDmR0Z6UMSgGwzkDY8PbfoBezwDpFWzzDrROmG37a9pzRjIaLYZland+2teWtQkhiCNsCLf44Xchk/xWXU9UPA="},"indexValueMap":{"EBsVQFMjN9dagtQTZmGf0OtV+VQro7/gwOAWLQIL0Fs=":{"valueMac":{"type":"Buffer","data":"SIq0NXN9NGzlOizdhp32ipsE2vhRBRhpSGNIEnU85FE="}},"IlXuZVeRXI/+NpMNjoB2BU+BY9Xqd1GVglIQ1hqJx1w=":{"valueMac":{"type":"Buffer","data":"yHEMFey1jqweCx7GIxrIMYhHZYf3T6NgqM3xwVicQmM="}},"OxzEi5+UIUacSKqJjMp5glCDPaP9GGSVtdJJGZv40s8=":{"valueMac":{"type":"Buffer","data":"7/4fj+gQPmDgUkOxwMZ0macZrh0FTqWzWu/sa5C+fHE="}},"U1bwweFrKr+/yDI3tyuwEwQ5QPCIN/wrjst0yew7vdk=":{"valueMac":{"type":"Buffer","data":"e8gp1YRrcvDg9EYGQEiTI/cWcIi6PYPaSPSejfc8qk8="}},"etJWCmyBQ15kQofagvbBD7yF5ism/6AM0/8SpfAjNbk=":{"valueMac":{"type":"Buffer","data":"GMdxhlDlynJBcd0fXSOsmvWj1fbEbJXX/JBBrYDoGz8="}},"tMH2rohvzkYd680xf+IBHLX39GGpBuukM4MlcDc+310=":{"valueMac":{"type":"Buffer","data":"0qkdyD2V4DjpWt7ESq3pOFmgLRVsh8r3J4QQme6p5M8="}},"4us+kAH67FCdxdJdomqS1Ykcbey03UexVaguywuOzJs=":{"valueMac":{"type":"Buffer","data":"3OtV+28+I89H8Pa3355cCq4BUhhT/ld3IMj4j2SZru8="}},"NThTxp9LfzyBTmK5nyUi+GECF9yI96eOleHcAR2A6pI=":{"valueMac":{"type":"Buffer","data":"dQWUQNNgCSF25vlBnPKb7d1wZI0qkuN6f2QcjwaJrVM="}},"km7jhufKQQ71IbYVwRZ1W9VxMCJBhv8UqcqZxN4F7sQ=":{"valueMac":{"type":"Buffer","data":"2KLnSRlTrMAEAZuWFRsaIKBOK9mUIuCwwcUEDptlE10="}},"CMsTD+yFQC+AOYxhckYfIMlF+kca9jlwk09IFAqJLsw=":{"valueMac":{"type":"Buffer","data":"aFPvBzgrz5u7hY5OLus4t7sGOGw7hZT/Lf4FMfAN4Bg="}},"ydKTS55dcpf6z4gC/LOwNmQiNp8aQoiJt3hxldht2Q0=":{"valueMac":{"type":"Buffer","data":"pwoM9k6jJVmrKK0Y0E6+t80dKjPaqOs4EMpFp4oNAHE="}},"TUUHhdmIvMYwQjYLdDK3blYMn3Aj30BRv7RWoq28SeE=":{"valueMac":{"type":"Buffer","data":"k32ApY6xmEzDCyFAmVolZx6KT2WV0WcT9YSd2vi6K1k="}}}}