{"noiseKey":{"private":{"type":"Buffer","data":"WI//PWpcdBMKHTFubcYKIPd+eOvv9gOkk3obn6kRll0="},"public":{"type":"Buffer","data":"Bv2UYub7gwDUV8GY4Qc/J+gQNjjx3zWSwVVD5JiZl18="}},"pairingEphemeralKeyPair":{"private":{"type":"Buffer","data":"YDuIbSqPhoNQD5hsFllpry+3sQfg/+zFcHZAtDahOlc="},"public":{"type":"Buffer","data":"y5VdBpYaOgxs//RMnNnacR4no2KSRE0I5ge9o7Es7CE="}},"signedIdentityKey":{"private":{"type":"Buffer","data":"4LUE3mt3afbOkRzMGlE4x/DHmhXgKr+NuNmywYr7rGk="},"public":{"type":"Buffer","data":"LrwMQelb5vFArMDdu+HCMUgpB+dAfBkLa5ICXbHpGGc="}},"signedPreKey":{"keyPair":{"private":{"type":"Buffer","data":"SBHp1aU3WiuqUbYQn4Ap8qjmvdQ1iE2/n7sSfO7Lvno="},"public":{"type":"Buffer","data":"e6LNN+rFaACxq79gLjOWgk1N+Xd1XReawaBUVx++jUA="}},"signature":{"type":"Buffer","data":"sZRWCt3e7/g8AU/tZyhE0SHsiakBjEDTULKxCdquE/nsZTpqAWTEvFWIhKZuLEyaqz4PInTrOW6zyL0YB8VqAQ=="},"keyId":1},"registrationId":23,"advSecretKey":"8yN2e6HRGb2cT2HIcpFTGO4XdTSLeHAYpE0X3nQzjHA=","processedHistoryMessages":[{"key":{"remoteJid":"6287815577055@s.whatsapp.net","fromMe":true,"id":"18CE859B3B6848DFD4799F45FC48F2C8"},"messageTimestamp":1755491042},{"key":{"remoteJid":"6287815577055@s.whatsapp.net","fromMe":true,"id":"825DCF7AA4772F3C7CAFC67894D5F394"},"messageTimestamp":1755491042}],"nextPreKeyId":31,"firstUnuploadedPreKeyId":31,"accountSyncCounter":1,"accountSettings":{"unarchiveChats":false},"registered":true,"pairingCode":"S3RFJV21","me":{"id":"6287815577055:11@s.whatsapp.net","lid":"205518949879873:11@lid","name":"nayla"},"account":{"details":"CLe+2G8Q19WKxQYYCyAAKAA=","accountSignatureKey":"35Z2Iukzp9Br/EVOZQELpTnlM4Mwh/lY7MB7sO//qmQ=","accountSignature":"hqu4BzTP9a8BkrcM41PR3Fd6P4ubVSL959KmYiO+5KizNAbrI8lX6HmF0FrxZGEDXuJBval4rcc19WXnl/s+AA==","deviceSignature":"yH0v6wtyBDFl3uUWbtxzW5XWGUPiEE8nWtqonRDUHPZquqdBSAmJmWY8rXQrcjsmlR8LZ7K3tXu5NxK/EWWrCg=="},"signalIdentities":[{"identifier":{"name":"6287815577055:11@s.whatsapp.net","deviceId":0},"identifierKey":{"type":"Buffer","data":"Bd+WdiLpM6fQa/xFTmUBC6U55TODMIf5WOzAe7Dv/6pk"}}],"platform":"android","routingInfo":{"type":"Buffer","data":"CAgIBQ=="},"lastAccountSyncTimestamp":1755491074,"lastPropHash":"1K4hH4","myAppStateKeyId":"AAAAAIwY"}