{"_sessions":{"BW+SUZ9VMjqbA4KfiBCKAl/JRNHmrYj79AEKVV/3S0l3":{"registrationId":607315017,"currentRatchet":{"ephemeralKeyPair":{"pubKey":"BYSQJsBgZRH81Fo46f2HoRoCnUya5dHKdTtPbL7+/gY/","privKey":"yKIIFtPwfV2fFFcgYZUKHO8CYCyO6+YqUoYJt+aDWH4="},"lastRemoteEphemeralKey":"BY6Yt81TBpQwCfdpC9L6mzBzXEgOC1vxj0yPfvg/E81o","previousCounter":0,"rootKey":"U0Tu4AmZovH2iWTdcS2Q13XHMGPOeiCc/dHfC/3v70o="},"indexInfo":{"baseKey":"BW+SUZ9VMjqbA4KfiBCKAl/JRNHmrYj79AEKVV/3S0l3","baseKeyType":2,"closed":-1,"used":1755491579622,"created":1755491040569,"remoteIdentityKey":"Bd+WdiLpM6fQa/xFTmUBC6U55TODMIf5WOzAe7Dv/6pk"},"_chains":{"BS7meW9ILmnai9jf7wrGcWFcn17jSuUr5fWyW+MXIUlK":{"chainKey":{"counter":9},"chainType":2,"messageKeys":{}},"BY6Yt81TBpQwCfdpC9L6mzBzXEgOC1vxj0yPfvg/E81o":{"chainKey":{"counter":0,"key":"+keCHgx68xX2aBtDdNP33dVrKK6hZC+F1zD9vx8EotI="},"chainType":2,"messageKeys":{}},"BYSQJsBgZRH81Fo46f2HoRoCnUya5dHKdTtPbL7+/gY/":{"chainKey":{"counter":-1,"key":"eimYKgYLLkviTZdp5WELZit2BQ1t2udD1gaPjHlP5xE="},"chainType":1,"messageKeys":{}}}}},"version":"v1"}