{"_sessions":{"BehiMetgx8dOfKfV7IucJvXl4zIFlQ8vmRMNykT80vxH":{"registrationId":1622050964,"currentRatchet":{"ephemeralKeyPair":{"pubKey":"BTNgUa5ucIwkq5bkC1C5L853W6W1B/cDiXEFPRrTYtFZ","privKey":"qOU0FlPOXzK0o97pM1hgBBnOhw7V4uX+bfzeKVFqpmY="},"lastRemoteEphemeralKey":"BcntA2thO0phoBRUXIAFs47HS8/bMp5KHyHu3593LAF+","previousCounter":0,"rootKey":"rMBdJu1wfUIUEDWcmHfW2qrJoid1YkNdWR1D9kp0lSk="},"indexInfo":{"baseKey":"BehiMetgx8dOfKfV7IucJvXl4zIFlQ8vmRMNykT80vxH","baseKeyType":2,"closed":-1,"used":1755491061584,"created":1755491061584,"remoteIdentityKey":"BWTIe+u/lbbwDoNdyD83o/BEfwYIZ/ERXZmVsJDyKtM4"},"_chains":{"BcntA2thO0phoBRUXIAFs47HS8/bMp5KHyHu3593LAF+":{"chainKey":{"counter":3,"key":"VFUSQSZI9X2c/qCTGWMUwsCqNWw0li5SBYsRK/VzEn8="},"chainType":2,"messageKeys":{}},"BTNgUa5ucIwkq5bkC1C5L853W6W1B/cDiXEFPRrTYtFZ":{"chainKey":{"counter":0,"key":"5H5zVuvb8gcUMtDfI/Ck1YG3IO0iSCHmAngDu8yumRE="},"chainType":1,"messageKeys":{}}}}},"version":"v1"}