{"_sessions":{"BSLWD+EYHAKGb/lqHvQP1b+8ehLLaSjqUIZWea9KBGVm":{"registrationId":53863668,"currentRatchet":{"ephemeralKeyPair":{"pubKey":"BQN3AGHwvywgduz5axGyLcfrUy78WOy39pPMhgvP3/sU","privKey":"4JVLWgQCcTcp5sfLDjLRIbLnpERAujmdcxgptvWm118="},"lastRemoteEphemeralKey":"BQNtxaXJeRMhimOrX7II7b+Knhy1DCiCyIexNzEacrou","previousCounter":0,"rootKey":"s/xMsDfuc3tIgU0vCGyZfFAdfXBdCSPUF1HQiFRQc+g="},"indexInfo":{"baseKey":"BSLWD+EYHAKGb/lqHvQP1b+8ehLLaSjqUIZWea9KBGVm","baseKeyType":1,"closed":-1,"used":1755491295832,"created":1755491295832,"remoteIdentityKey":"BaCE/qXuSo/GM6kGdEzVlCwrSFu2eFhHQNLUtGKzEuUR"},"_chains":{"BQN3AGHwvywgduz5axGyLcfrUy78WOy39pPMhgvP3/sU":{"chainKey":{"counter":0,"key":"k4YE5vhYIL1Xdn6mlJ6JBk/yDdzxqH/NYqT498VKHbY="},"chainType":1,"messageKeys":{}}},"pendingPreKey":{"signedKeyId":2,"baseKey":"BSLWD+EYHAKGb/lqHvQP1b+8ehLLaSjqUIZWea9KBGVm","preKeyId":8587015}}},"version":"v1"}